Employee_ID,First_Name,Last_Name,Age,Status,Join_Date,Salary,Email,Phone,Performance_Score,Remote_Work,Department,Region
EMP1000,Bob,Davis,25.0,Active,2021-04-02,59767.65,bob.davis@example.com,(165) 162-3197,Average,True,DevOps,California
EMP1001,Bob,Brown,35.0,Active,2020-07-10,65304.66,bob.brown@example.com,(189) 847-1390,Excellent,True,Finance,Texas
EMP1002,Alice,Jones,30.0,Pending,2023-12-07,88145.9,alice.jones@example.com,(559) 636-3211,Good,True,Admin,Nevada
EMP1003,Eva,Davis,25.0,Inactive,2021-11-27,69450.99,eva.davis@example.com,(347) 649-0784,Good,True,Admin,Nevada
EMP1004,Frank,Williams,25.0,Active,2022-01-05,109324.61,frank.williams@example.com,(158) 673-4256,Poor,False,Cloud Tech,Florida
EMP1005,Alice,Garcia,40.0,Inactive,2020-06-10,88642.84,alice.garcia@example.com,(540) 900-3485,Good,False,Sales,Texas
EMP1006,Frank,Jones,30.0,Active,2020-04-03,96288.43,frank.jones@example.com,(451) 837-6063,Good,False,Admin,Nevada
EMP1007,Bob,Jones,30.0,Inactive,2022-07-17,94497.91,bob.jones@example.com,(413) 432-7559,Average,True,Cloud Tech,Florida
EMP1008,Frank,Davis,35.0,Inactive,2023-12-08,115565.82,frank.davis@example.com,(417) 765-6123,Excellent,True,Admin,Nevada
EMP1009,Charlie,Johnson,32.5,Active,2022-08-04,76561.88,charlie.johnson@example.com,(815) 698-5699,Excellent,True,DevOps,New York
EMP1010,David,Williams,35.0,Active,2024-07-06,72081.71,david.williams@example.com,(272) 063-4590,Average,False,Cloud Tech,New York
EMP1011,David,Davis,32.5,Active,2023-09-04,84946.19,david.davis@example.com,(123) 829-6576,Poor,True,DevOps,California
EMP1012,Heidi,Williams,30.0,Active,2024-03-05,89295.77,heidi.williams@example.com,(242) 954-3164,Excellent,False,HR,New York
EMP1013,Grace,Williams,35.0,Active,2020-10-10,85666.84,grace.williams@example.com,(266) 930-0892,Good,False,Finance,California
EMP1014,Alice,Garcia,25.0,Active,2024-06-10,97633.68,alice.garcia@example.com,(173) 420-6968,Excellent,True,Admin,Nevada
EMP1015,Grace,Jones,40.0,Pending,2021-05-29,117975.49,grace.jones@example.com,(421) 529-1085,Good,True,Sales,Florida
EMP1016,Alice,Brown,25.0,Inactive,2024-04-23,94867.33,alice.brown@example.com,(771) 333-4475,Poor,False,DevOps,Illinois
EMP1017,Grace,Garcia,30.0,Pending,2024-11-28,100377.65,grace.garcia@example.com,(263) 934-3625,Average,True,Finance,Texas
EMP1018,Charlie,Garcia,30.0,Inactive,2024-09-19,94726.46,charlie.garcia@example.com,(204) 439-7358,Excellent,False,Cloud Tech,Nevada
EMP1019,Charlie,Williams,35.0,Pending,2020-01-02,91926.12,charlie.williams@example.com,(710) 725-6365,Average,True,Admin,Illinois
EMP1020,Bob,Miller,35.0,Active,2021-05-08,111460.67,bob.miller@example.com,(941) 180-0536,Excellent,True,HR,New York
EMP1021,Bob,Jones,40.0,Active,2020-09-19,96182.56,bob.jones@example.com,(599) 004-8963,Good,False,Cloud Tech,Illinois
EMP1022,Charlie,Johnson,35.0,Inactive,2021-03-09,115023.94,charlie.johnson@example.com,(652) 809-2427,Average,True,Sales,Illinois
EMP1023,David,Garcia,35.0,Pending,2022-02-03,80667.01,david.garcia@example.com,(757) 215-8623,Excellent,False,Finance,Nevada
EMP1024,Bob,Brown,30.0,Inactive,2020-02-13,91181.61,bob.brown@example.com,(150) 274-5643,Good,True,Admin,Texas
EMP1025,David,Miller,25.0,Pending,2020-04-30,66025.92,david.miller@example.com,(948) 562-5727,Average,False,Cloud Tech,Nevada
EMP1026,Frank,Miller,25.0,Inactive,2023-10-02,83979.01,frank.miller@example.com,(703) 203-2073,Average,False,Sales,New York
EMP1027,Heidi,Johnson,30.0,Active,2020-07-12,56785.16,heidi.johnson@example.com,(276) 170-7586,Excellent,True,Finance,Florida
EMP1028,Grace,Garcia,40.0,Active,2023-10-11,95741.88,grace.garcia@example.com,(771) 215-1341,Excellent,False,Finance,Nevada
EMP1029,Alice,Brown,40.0,Active,2021-05-24,63411.31,alice.brown@example.com,(284) 993-9088,Excellent,True,DevOps,California
EMP1030,Charlie,Jones,40.0,Inactive,2021-05-26,111214.02,charlie.jones@example.com,(261) 371-5040,Good,True,Admin,California
EMP1031,Bob,Smith,25.0,Active,2020-07-10,114845.69,bob.smith@example.com,(659) 152-0176,Excellent,True,DevOps,Illinois
EMP1032,Charlie,Brown,40.0,Active,2024-11-05,78072.82,charlie.brown@example.com,(749) 050-9758,Average,False,Finance,Florida
EMP1033,Grace,Johnson,25.0,Inactive,2021-08-07,79610.52,grace.johnson@example.com,(230) 450-1895,Average,False,Finance,California
EMP1034,Heidi,Miller,30.0,Active,2020-04-29,90542.62,heidi.miller@example.com,(164) 236-1031,Excellent,True,Admin,California
EMP1035,Frank,Jones,25.0,Inactive,2022-10-26,114357.1,frank.jones@example.com,(664) 214-7648,Excellent,True,Cloud Tech,Illinois
EMP1036,Alice,Brown,30.0,Active,2023-05-03,54757.26,alice.brown@example.com,(251) 583-7766,Poor,False,Cloud Tech,New York
EMP1037,Grace,Smith,25.0,Pending,2023-05-02,52781.92,grace.smith@example.com,(499) 616-5925,Average,True,Sales,New York
EMP1038,Frank,Smith,35.0,Pending,2021-10-05,66708.02,frank.smith@example.com,(610) 857-3277,Good,True,Admin,Nevada
EMP1039,Eva,Williams,40.0,Active,2022-07-27,93481.15,eva.williams@example.com,(814) 761-7421,Poor,False,HR,Texas
EMP1040,Bob,Williams,25.0,Pending,2021-06-27,59271.96,bob.williams@example.com,(438) 649-0809,Excellent,True,Sales,New York
EMP1041,Bob,Davis,30.0,Active,2022-06-16,108362.15,bob.davis@example.com,(818) 661-7944,Excellent,False,HR,California
EMP1042,Alice,Johnson,30.0,Active,2024-12-03,59400.38,alice.johnson@example.com,(491) 801-7225,Average,True,HR,Nevada
EMP1043,Bob,Garcia,30.0,Inactive,2023-05-23,64744.08,bob.garcia@example.com,(016) 459-7793,Excellent,False,Admin,California
EMP1044,Eva,Brown,35.0,Active,2020-07-08,94399.91,eva.brown@example.com,(523) 219-4167,Good,True,Finance,California
EMP1045,Alice,Brown,25.0,Pending,2021-06-20,61310.74,alice.brown@example.com,(006) 102-7768,Average,True,HR,New York
EMP1046,Grace,Garcia,30.0,Active,2024-12-13,98371.37,grace.garcia@example.com,(749) 956-4121,Excellent,False,Cloud Tech,Texas
EMP1047,Alice,Davis,35.0,Active,2022-05-30,58921.19,alice.davis@example.com,(031) 030-3722,Average,True,Sales,Illinois
EMP1048,Alice,Miller,35.0,Active,2023-09-27,57195.55,alice.miller@example.com,(683) 147-2759,Excellent,False,Admin,Nevada
EMP1049,Grace,Miller,32.5,Active,2024-11-05,61375.12,grace.miller@example.com,(122) 777-0792,Excellent,True,DevOps,New York
EMP1050,Charlie,Davis,40.0,Pending,2021-11-11,104767.05,charlie.davis@example.com,(349) 605-0165,Excellent,False,Cloud Tech,New York
EMP1051,David,Miller,35.0,Active,2022-02-22,111051.67,david.miller@example.com,(799) 840-7677,Good,False,Admin,Nevada
EMP1052,David,Williams,30.0,Inactive,2024-08-07,105674.18,david.williams@example.com,(997) 308-0694,Good,False,Finance,California
EMP1053,Alice,Brown,30.0,Inactive,2024-11-05,54859.45,alice.brown@example.com,(814) 671-7956,Average,False,Finance,California
EMP1054,Frank,Davis,35.0,Pending,2021-11-09,115746.6,frank.davis@example.com,(602) 437-5737,Excellent,True,Finance,Nevada
EMP1055,Eva,Brown,30.0,Active,2020-08-10,91759.99,eva.brown@example.com,(395) 972-4664,Excellent,True,Sales,California
EMP1056,Frank,Garcia,40.0,Active,2022-02-27,112965.33,frank.garcia@example.com,(729) 341-7222,Good,False,Sales,Illinois
EMP1057,Alice,Smith,40.0,Pending,2023-11-07,100360.1,alice.smith@example.com,(297) 167-4337,Excellent,False,Cloud Tech,Illinois
EMP1058,David,Williams,35.0,Pending,2021-11-07,93620.88,david.williams@example.com,(005) 452-2800,Good,False,Finance,Texas
EMP1059,Bob,Jones,35.0,Pending,2022-04-16,72832.8,bob.jones@example.com,(561) 931-8373,Excellent,True,Sales,California
EMP1060,Charlie,Williams,30.0,Inactive,2023-10-19,102369.42,charlie.williams@example.com,(550) 842-8909,Average,True,Finance,Nevada
EMP1061,Eva,Davis,40.0,Inactive,2021-08-10,64712.79,eva.davis@example.com,(771) 199-1807,Excellent,True,Sales,Texas
EMP1062,Frank,Jones,40.0,Pending,2021-03-13,85782.18,frank.jones@example.com,(121) 352-4786,Excellent,True,Finance,Florida
EMP1063,Charlie,Smith,25.0,Pending,2023-07-20,93348.26,charlie.smith@example.com,(125) 521-3759,Poor,False,HR,Illinois
EMP1064,David,Davis,35.0,Active,2020-02-20,53234.96,david.davis@example.com,(375) 482-1455,Good,False,Admin,New York
EMP1065,Bob,Johnson,40.0,Pending,2021-02-02,100284.21,bob.johnson@example.com,(532) 863-2665,Excellent,False,Finance,Nevada
EMP1066,Grace,Brown,30.0,Pending,2020-01-12,112486.19,grace.brown@example.com,(785) 072-0810,Excellent,True,Admin,Nevada
EMP1067,Bob,Smith,40.0,Pending,2022-11-26,82518.49,bob.smith@example.com,(556) 260-6028,Poor,True,Admin,New York
EMP1068,Bob,Brown,40.0,Pending,2022-12-23,119152.47,bob.brown@example.com,(084) 668-4549,Poor,True,Admin,Florida
EMP1069,Heidi,Miller,32.5,Inactive,2024-08-28,113479.83,heidi.miller@example.com,(489) 267-3898,Good,False,DevOps,Illinois
EMP1070,Charlie,Johnson,40.0,Active,2024-09-16,94636.3,charlie.johnson@example.com,(756) 341-0855,Poor,False,Finance,California
EMP1071,Heidi,Johnson,30.0,Active,2024-01-01,70000.97,heidi.johnson@example.com,(288) 431-8847,Average,True,HR,Florida
EMP1072,Frank,Smith,30.0,Active,2021-04-18,76812.47,frank.smith@example.com,(520) 089-4345,Poor,False,Cloud Tech,New York
EMP1073,David,Johnson,25.0,Inactive,2023-01-16,82614.7,david.johnson@example.com,(810) 548-5100,Average,True,Finance,Florida
EMP1074,Grace,Jones,40.0,Active,2024-10-20,111645.97,grace.jones@example.com,(749) 075-3997,Good,True,Sales,Nevada
EMP1075,Heidi,Johnson,25.0,Inactive,2024-10-13,112414.91,heidi.johnson@example.com,(935) 449-2682,Good,False,HR,California
EMP1076,David,Brown,40.0,Inactive,2022-09-21,52031.74,david.brown@example.com,(158) 935-7125,Good,True,Admin,California
EMP1077,Grace,Brown,30.0,Pending,2022-12-29,51887.65,grace.brown@example.com,(611) 062-7370,Good,False,Finance,New York
EMP1078,Alice,Davis,25.0,Active,2024-11-10,82318.89,alice.davis@example.com,(586) 988-6496,Good,True,DevOps,Florida
EMP1079,Grace,Brown,35.0,Inactive,2021-11-22,103286.08,grace.brown@example.com,(677) 622-8276,Average,False,Admin,Florida
EMP1080,Grace,Davis,35.0,Active,2024-03-14,87759.33,grace.davis@example.com,(288) 137-7027,Average,False,Cloud Tech,Florida
EMP1081,Frank,Brown,30.0,Pending,2020-03-23,102796.32,frank.brown@example.com,(519) 611-5939,Good,False,DevOps,Texas
EMP1082,David,Jones,25.0,Active,2020-09-15,83149.27,david.jones@example.com,(821) 545-4469,Poor,True,Sales,New York
EMP1083,David,Garcia,40.0,Inactive,2020-12-09,92412.49,david.garcia@example.com,(229) 604-4326,Excellent,True,DevOps,California
EMP1084,Bob,Davis,30.0,Pending,2020-02-22,115022.1,bob.davis@example.com,(018) 510-6793,Good,False,HR,Texas
EMP1085,Grace,Williams,40.0,Active,2023-04-27,98343.01,grace.williams@example.com,(975) 679-2286,Poor,False,DevOps,New York
EMP1086,Bob,Miller,35.0,Active,2024-06-18,118869.1,bob.miller@example.com,(772) 519-9662,Excellent,True,DevOps,Illinois
EMP1087,Frank,Smith,35.0,Inactive,2020-05-21,85417.26,frank.smith@example.com,(658) 074-1208,Good,True,Finance,Nevada
EMP1088,Grace,Brown,40.0,Inactive,2023-07-25,112410.25,grace.brown@example.com,(481) 813-9889,Good,True,Cloud Tech,Florida
EMP1089,Charlie,Johnson,40.0,Pending,2023-08-25,68905.77,charlie.johnson@example.com,(983) 780-1819,Average,False,Admin,Nevada
EMP1090,Heidi,Garcia,40.0,Pending,2021-07-03,72561.32,heidi.garcia@example.com,(433) 971-8955,Excellent,True,Finance,Nevada
EMP1091,Bob,Brown,35.0,Inactive,2023-03-13,92723.22,bob.brown@example.com,(907) 056-2607,Excellent,True,Finance,New York
EMP1092,Alice,Johnson,40.0,Inactive,2021-03-10,74837.75,alice.johnson@example.com,(564) 111-8241,Poor,False,HR,New York
EMP1093,Eva,Miller,32.5,Pending,2020-01-21,86163.91,eva.miller@example.com,(241) 246-2094,Average,True,DevOps,California
EMP1094,David,Miller,40.0,Active,2023-11-15,83326.52,david.miller@example.com,(200) 461-5264,Average,True,Finance,Illinois
EMP1095,Heidi,Miller,25.0,Active,2022-04-08,98425.1,heidi.miller@example.com,(461) 033-9936,Average,True,Cloud Tech,California
EMP1096,Frank,Johnson,40.0,Inactive,2022-05-21,119764.2,frank.johnson@example.com,(886) 140-5785,Average,False,Sales,Illinois
EMP1097,Frank,Brown,40.0,Inactive,2021-04-17,58445.91,frank.brown@example.com,(170) 630-4890,Excellent,False,HR,California
EMP1098,Bob,Miller,32.5,Active,2021-03-19,101702.33,bob.miller@example.com,(382) 496-7182,Excellent,False,DevOps,New York
EMP1099,Eva,Jones,25.0,Active,2022-01-09,87473.69,eva.jones@example.com,(258) 238-6869,Good,False,Admin,California
EMP1100,Charlie,Davis,35.0,Pending,2021-08-21,98819.22,charlie.davis@example.com,(079) 420-0748,Good,False,Cloud Tech,Texas
EMP1101,Heidi,Johnson,25.0,Inactive,2022-08-19,83509.99,heidi.johnson@example.com,(465) 398-4027,Average,False,Cloud Tech,Illinois
EMP1102,Alice,Johnson,35.0,Active,2022-03-31,84422.26,alice.johnson@example.com,(914) 161-2845,Average,False,Finance,Texas
EMP1103,Alice,Brown,30.0,Inactive,2020-06-23,119574.27,alice.brown@example.com,(398) 554-7434,Average,True,Admin,Illinois
EMP1104,Grace,Johnson,30.0,Active,2024-05-07,86580.08,grace.johnson@example.com,(537) 950-2096,Good,True,Sales,Illinois
EMP1105,Heidi,Johnson,35.0,Inactive,2023-03-10,93471.91,heidi.johnson@example.com,(002) 687-6810,Poor,False,Sales,Florida
EMP1106,Bob,Miller,30.0,Inactive,2023-09-14,55683.12,bob.miller@example.com,(807) 156-9561,Poor,True,DevOps,New York
EMP1107,Bob,Brown,30.0,Inactive,2023-11-12,91566.78,bob.brown@example.com,(017) 537-0303,Good,True,Cloud Tech,Florida
EMP1108,David,Miller,35.0,Pending,2024-10-26,81782.19,david.miller@example.com,(531) 943-3749,Good,False,DevOps,California
EMP1109,Eva,Davis,32.5,Inactive,2020-08-23,88119.37,eva.davis@example.com,(479) 303-6148,Good,True,DevOps,New York
EMP1110,Eva,Garcia,30.0,Active,2024-06-11,71532.83,eva.garcia@example.com,(872) 839-9920,Good,True,Cloud Tech,Texas
EMP1111,Eva,Davis,40.0,Pending,2021-09-14,98981.36,eva.davis@example.com,(921) 249-3842,Good,True,Cloud Tech,Florida
EMP1112,Heidi,Garcia,40.0,Active,2024-12-26,80242.01,heidi.garcia@example.com,(089) 487-0604,Good,True,Cloud Tech,Illinois
EMP1113,Eva,Miller,25.0,Pending,2024-09-08,110236.18,eva.miller@example.com,(664) 187-7579,Average,True,Cloud Tech,New York
EMP1114,Alice,Davis,35.0,Active,2022-08-21,86327.47,alice.davis@example.com,(304) 687-5062,Average,False,Sales,Texas
EMP1115,Eva,Brown,30.0,Pending,2024-07-25,84420.81,eva.brown@example.com,(519) 036-1331,Average,False,Sales,Florida
EMP1116,Frank,Smith,40.0,Pending,2020-08-02,110041.32,frank.smith@example.com,(541) 107-6094,Average,False,HR,California
EMP1117,Heidi,Miller,35.0,Pending,2020-03-16,81837.81,heidi.miller@example.com,(431) 735-0582,Good,True,DevOps,Florida
EMP1118,Frank,Garcia,25.0,Active,2023-09-08,110855.72,frank.garcia@example.com,(199) 717-9109,Poor,False,Finance,Illinois
EMP1119,Alice,Jones,30.0,Pending,2024-03-29,84894.52,alice.jones@example.com,(065) 120-7048,Excellent,True,Sales,California
EMP1120,Alice,Garcia,30.0,Active,2021-08-12,80668.13,alice.garcia@example.com,(611) 080-4660,Good,True,HR,Illinois
EMP1121,Bob,Jones,25.0,Active,2023-12-24,61086.47,bob.jones@example.com,(963) 990-7675,Excellent,True,DevOps,Illinois
EMP1122,Grace,Johnson,25.0,Inactive,2020-08-28,95339.68,grace.johnson@example.com,(991) 507-8592,Poor,True,Admin,Texas
EMP1123,Eva,Davis,32.5,Inactive,2024-09-05,83774.97,eva.davis@example.com,(110) 919-3927,Average,False,DevOps,California
EMP1124,Heidi,Jones,30.0,Active,2023-05-12,85576.86,heidi.jones@example.com,(456) 797-2319,Poor,False,Admin,Florida
EMP1125,Bob,Garcia,35.0,Pending,2021-07-01,107438.46,bob.garcia@example.com,(024) 968-5497,Good,True,Finance,California
EMP1126,Eva,Johnson,30.0,Inactive,2024-11-07,60401.68,eva.johnson@example.com,(227) 495-4507,Average,False,Sales,Nevada
EMP1127,Frank,Smith,35.0,Inactive,2022-07-21,115299.66,frank.smith@example.com,(920) 388-0652,Good,True,Sales,Illinois
EMP1128,David,Brown,35.0,Inactive,2020-03-30,72272.34,david.brown@example.com,(331) 537-7958,Average,False,Finance,New York
EMP1129,Grace,Brown,40.0,Active,2022-10-11,117537.71,grace.brown@example.com,(959) 465-2169,Excellent,False,DevOps,Nevada
EMP1130,Frank,Brown,25.0,Pending,2022-07-24,51074.33,frank.brown@example.com,(730) 337-9336,Excellent,True,Finance,Texas
EMP1131,Charlie,Jones,25.0,Inactive,2023-06-30,98489.32,charlie.jones@example.com,(563) 620-5014,Excellent,False,Finance,California
EMP1132,Frank,Smith,35.0,Pending,2024-01-11,112120.71,frank.smith@example.com,(081) 247-3949,Poor,True,Finance,California
EMP1133,Alice,Jones,30.0,Pending,2023-11-02,114465.04,alice.jones@example.com,(033) 423-4257,Good,False,Cloud Tech,New York
EMP1134,Bob,Davis,40.0,Pending,2024-11-22,57035.51,bob.davis@example.com,(323) 024-1025,Poor,True,Cloud Tech,Nevada
EMP1135,Eva,Jones,25.0,Active,2021-08-23,75092.43,eva.jones@example.com,(153) 473-5527,Excellent,True,Cloud Tech,California
EMP1136,David,Smith,35.0,Pending,2024-06-11,62603.98,david.smith@example.com,(961) 122-3385,Good,False,Finance,Illinois
EMP1137,Grace,Smith,32.5,Inactive,2023-04-09,60018.24,grace.smith@example.com,(559) 630-9937,Excellent,False,DevOps,New York
EMP1138,Eva,Davis,40.0,Active,2024-07-05,82567.73,eva.davis@example.com,(425) 304-2896,Poor,True,HR,Nevada
EMP1139,Charlie,Smith,25.0,Pending,2021-09-04,94725.71,charlie.smith@example.com,(317) 912-8684,Poor,False,Finance,California
EMP1140,Eva,Garcia,40.0,Inactive,2024-10-13,83824.56,eva.garcia@example.com,(787) 255-8776,Poor,False,HR,New York
EMP1141,Frank,Smith,30.0,Inactive,2020-02-14,118456.11,frank.smith@example.com,(496) 903-3372,Excellent,True,HR,Nevada
EMP1142,Eva,Brown,25.0,Pending,2020-04-10,113743.19,eva.brown@example.com,(634) 669-2547,Good,True,Sales,Nevada
EMP1143,Eva,Garcia,30.0,Active,2023-07-27,63309.24,eva.garcia@example.com,(121) 478-5389,Good,False,Sales,California
EMP1144,Charlie,Garcia,25.0,Active,2021-09-24,105202.73,charlie.garcia@example.com,(789) 567-7664,Excellent,True,DevOps,Nevada
EMP1145,Frank,Davis,30.0,Inactive,2024-03-10,79085.22,frank.davis@example.com,(754) 602-7340,Good,True,Cloud Tech,California
EMP1146,Frank,Williams,30.0,Active,2021-06-10,113983.43,frank.williams@example.com,(514) 888-1430,Excellent,True,Sales,California
EMP1147,Eva,Williams,35.0,Active,2020-10-15,102790.6,eva.williams@example.com,(115) 083-5353,Good,False,Cloud Tech,Florida
EMP1148,Grace,Smith,30.0,Inactive,2020-01-29,68512.1,grace.smith@example.com,(443) 928-4043,Average,False,HR,Texas
EMP1149,Frank,Garcia,35.0,Pending,2022-01-30,57584.23,frank.garcia@example.com,(566) 907-8262,Average,True,Sales,Florida
EMP1150,Alice,Williams,30.0,Pending,2021-03-29,95335.67,alice.williams@example.com,(337) 389-8774,Poor,False,Sales,California
EMP1151,Heidi,Williams,35.0,Active,2020-10-13,53174.28,heidi.williams@example.com,(153) 663-7779,Average,True,DevOps,Florida
EMP1152,Heidi,Smith,25.0,Pending,2020-10-04,77205.21,heidi.smith@example.com,(529) 240-7552,Average,False,Cloud Tech,New York
EMP1153,Grace,Williams,32.5,Active,2024-12-18,79041.92,grace.williams@example.com,(666) 845-9089,Average,True,DevOps,Nevada
EMP1154,Heidi,Jones,35.0,Active,2023-11-14,75937.1,heidi.jones@example.com,(225) 999-9662,Excellent,True,Finance,California
EMP1155,David,Johnson,35.0,Inactive,2023-01-20,113118.73,david.johnson@example.com,(618) 637-1596,Average,False,Cloud Tech,Nevada
EMP1156,Alice,Davis,40.0,Active,2024-10-02,107693.38,alice.davis@example.com,(412) 182-0969,Average,True,HR,New York
EMP1157,David,Johnson,30.0,Inactive,2021-05-13,119217.46,david.johnson@example.com,(231) 643-3480,Poor,False,Cloud Tech,Texas
EMP1158,David,Smith,25.0,Pending,2021-03-18,106913.71,david.smith@example.com,(705) 802-5661,Average,False,Sales,New York
EMP1159,Charlie,Brown,30.0,Active,2020-09-23,87815.08,charlie.brown@example.com,(128) 671-6322,Average,True,Cloud Tech,California
EMP1160,Bob,Davis,25.0,Inactive,2024-06-05,105190.21,bob.davis@example.com,(467) 299-4937,Good,True,Admin,Texas
EMP1161,Alice,Smith,30.0,Active,2024-02-28,79467.24,alice.smith@example.com,(743) 027-1692,Poor,False,HR,Texas
EMP1162,Bob,Garcia,40.0,Pending,2023-04-30,57633.78,bob.garcia@example.com,(859) 777-9013,Poor,True,Finance,California
EMP1163,Alice,Brown,30.0,Pending,2020-03-04,54257.78,alice.brown@example.com,(754) 692-6328,Poor,True,HR,Florida
EMP1164,Grace,Johnson,40.0,Inactive,2023-12-29,113679.06,grace.johnson@example.com,(676) 291-6031,Poor,True,DevOps,Texas
EMP1165,Bob,Smith,35.0,Active,2020-09-15,69251.12,bob.smith@example.com,(484) 137-6814,Poor,True,Sales,New York
EMP1166,Frank,Garcia,40.0,Inactive,2022-07-18,85388.58,frank.garcia@example.com,(118) 567-2437,Poor,True,Sales,Illinois
EMP1167,Bob,Davis,32.5,Inactive,2022-07-13,112166.37,bob.davis@example.com,(070) 176-5635,Excellent,False,DevOps,New York
EMP1168,Heidi,Davis,40.0,Active,2021-10-02,79873.48,heidi.davis@example.com,(004) 125-7770,Average,False,Finance,Nevada
EMP1169,Frank,Miller,30.0,Active,2020-07-05,108224.03,frank.miller@example.com,(183) 727-4219,Poor,True,DevOps,Florida
EMP1170,Bob,Garcia,35.0,Active,2023-04-16,116963.72,bob.garcia@example.com,(912) 418-6209,Average,True,Admin,Illinois
EMP1171,Bob,Jones,40.0,Inactive,2024-11-12,114109.06,bob.jones@example.com,(427) 523-0836,Average,True,HR,Nevada
EMP1172,Eva,Williams,30.0,Active,2023-03-29,85518.88,eva.williams@example.com,(081) 647-0899,Excellent,False,HR,California
EMP1173,Heidi,Brown,30.0,Pending,2022-01-22,58041.97,heidi.brown@example.com,(633) 533-1059,Poor,True,Cloud Tech,California
EMP1174,David,Garcia,40.0,Pending,2023-10-14,94988.94,david.garcia@example.com,(053) 131-2205,Good,False,Sales,Illinois
EMP1175,Eva,Miller,25.0,Pending,2024-04-10,71628.93,eva.miller@example.com,(815) 583-9385,Excellent,False,Admin,California
EMP1176,Alice,Williams,30.0,Pending,2022-03-31,54870.98,alice.williams@example.com,(613) 315-5205,Good,False,Admin,Illinois
EMP1177,Alice,Williams,25.0,Active,2022-02-09,79388.27,alice.williams@example.com,(506) 373-1494,Average,True,DevOps,Illinois
EMP1178,Frank,Smith,35.0,Pending,2023-05-06,55946.99,frank.smith@example.com,(013) 649-7188,Average,False,DevOps,California
EMP1179,Charlie,Williams,30.0,Active,2021-07-11,81017.91,charlie.williams@example.com,(241) 956-2524,Excellent,True,Cloud Tech,Nevada
EMP1180,Heidi,Jones,40.0,Pending,2020-08-21,74162.1,heidi.jones@example.com,(715) 099-7682,Excellent,False,HR,New York
EMP1181,Heidi,Davis,32.5,Active,2021-03-27,77668.44,heidi.davis@example.com,(890) 309-1435,Good,True,DevOps,California
EMP1182,Alice,Miller,30.0,Active,2024-04-14,67886.37,alice.miller@example.com,(391) 025-7431,Poor,False,HR,New York
EMP1183,Alice,Williams,40.0,Active,2020-09-21,76614.52,alice.williams@example.com,(630) 397-5244,Good,True,DevOps,Florida
EMP1184,Frank,Smith,25.0,Active,2022-06-12,51311.91,frank.smith@example.com,(086) 403-5532,Excellent,False,Finance,Nevada
EMP1185,Frank,Jones,35.0,Inactive,2023-12-24,94809.92,frank.jones@example.com,(803) 396-8526,Good,True,Finance,Illinois
EMP1186,Grace,Johnson,25.0,Pending,2022-07-31,108241.81,grace.johnson@example.com,(017) 130-2320,Excellent,True,HR,New York
EMP1187,Bob,Davis,40.0,Inactive,2023-04-21,78031.49,bob.davis@example.com,(298) 338-1673,Good,True,Cloud Tech,New York
EMP1188,Eva,Davis,35.0,Active,2020-06-05,85733.83,eva.davis@example.com,(233) 629-3448,Excellent,True,Admin,California
EMP1189,David,Miller,35.0,Pending,2024-07-27,60338.29,david.miller@example.com,(734) 715-6626,Excellent,False,HR,Nevada
EMP1190,Eva,Davis,30.0,Active,2024-04-05,103140.67,eva.davis@example.com,(768) 962-7065,Excellent,False,Admin,Illinois
EMP1191,Heidi,Williams,40.0,Inactive,2023-10-26,114690.8,heidi.williams@example.com,(149) 828-2466,Poor,True,Sales,Illinois
EMP1192,Frank,Smith,35.0,Active,2022-08-18,80954.56,frank.smith@example.com,(474) 689-7151,Good,False,Admin,Florida
EMP1193,Eva,Davis,30.0,Pending,2020-05-31,71728.55,eva.davis@example.com,(732) 300-8575,Good,True,Cloud Tech,California
EMP1194,Alice,Davis,35.0,Pending,2024-11-04,118415.8,alice.davis@example.com,(665) 674-9159,Good,True,HR,Texas
EMP1195,Grace,Johnson,40.0,Pending,2020-03-25,81481.36,grace.johnson@example.com,(169) 236-4586,Excellent,False,Sales,Illinois
EMP1196,David,Johnson,35.0,Pending,2020-11-04,117040.57,david.johnson@example.com,(506) 633-7049,Good,True,Sales,Florida
EMP1197,Frank,Brown,25.0,Active,2020-03-21,67342.06,frank.brown@example.com,(249) 724-3991,Good,True,Sales,Nevada
EMP1198,Heidi,Jones,30.0,Active,2022-01-15,76099.64,heidi.jones@example.com,(011) 669-1835,Excellent,False,Sales,Illinois
EMP1199,Grace,Williams,35.0,Active,2024-06-04,94162.06,grace.williams@example.com,(264) 488-6945,Average,True,DevOps,Illinois
EMP1200,Frank,Davis,25.0,Inactive,2021-08-04,67639.7,frank.davis@example.com,(119) 524-3639,Excellent,True,Sales,Nevada
EMP1201,Charlie,Garcia,35.0,Pending,2020-10-16,114172.25,charlie.garcia@example.com,(270) 116-8645,Good,True,Cloud Tech,Illinois
EMP1202,Grace,Davis,30.0,Active,2021-09-26,89124.54,grace.davis@example.com,(225) 223-7280,Excellent,True,Sales,Nevada
EMP1203,Frank,Smith,30.0,Pending,2023-11-04,113871.36,frank.smith@example.com,(793) 230-2345,Average,False,DevOps,Nevada
EMP1204,Grace,Brown,30.0,Inactive,2021-09-24,62618.4,grace.brown@example.com,(791) 214-1613,Excellent,False,HR,Texas
EMP1205,Heidi,Jones,30.0,Active,2020-06-07,70705.45,heidi.jones@example.com,(150) 937-7099,Good,False,Admin,New York
EMP1206,Alice,Garcia,35.0,Pending,2022-02-10,60797.69,alice.garcia@example.com,(409) 013-8068,Average,True,Sales,New York
EMP1207,Charlie,Brown,40.0,Inactive,2023-10-17,100371.0,charlie.brown@example.com,(847) 759-6554,Poor,True,Cloud Tech,Florida
EMP1208,Eva,Miller,40.0,Active,2021-09-25,117591.76,eva.miller@example.com,(535) 669-0550,Good,False,Admin,Illinois
EMP1209,David,Jones,35.0,Inactive,2022-08-03,103860.7,david.jones@example.com,(076) 209-1842,Average,True,DevOps,Illinois
EMP1210,Grace,Davis,30.0,Active,2024-11-22,67500.22,grace.davis@example.com,(579) 786-3049,Average,True,Admin,Illinois
EMP1211,Frank,Davis,30.0,Pending,2024-10-09,58727.44,frank.davis@example.com,(505) 739-7690,Poor,True,Cloud Tech,Nevada
EMP1212,Charlie,Jones,35.0,Active,2024-08-28,80623.08,charlie.jones@example.com,(567) 164-9327,Excellent,True,Finance,Illinois
EMP1213,David,Davis,40.0,Inactive,2020-04-19,77751.78,david.davis@example.com,(980) 271-4871,Excellent,False,HR,Texas
EMP1214,Grace,Williams,25.0,Active,2021-10-14,115157.81,grace.williams@example.com,(717) 833-3210,Good,False,HR,New York
EMP1215,Frank,Jones,30.0,Inactive,2024-08-26,83071.85,frank.jones@example.com,(602) 564-3470,Poor,False,Admin,Texas
EMP1216,Heidi,Brown,40.0,Active,2020-02-08,67914.67,heidi.brown@example.com,(287) 153-9914,Excellent,True,Sales,Texas
EMP1217,Grace,Jones,25.0,Inactive,2020-09-06,53342.46,grace.jones@example.com,(668) 633-4140,Poor,False,HR,New York
EMP1218,Heidi,Garcia,25.0,Pending,2023-01-02,51150.47,heidi.garcia@example.com,(115) 931-9524,Excellent,False,Cloud Tech,Florida
EMP1219,David,Davis,30.0,Active,2023-06-13,74697.12,david.davis@example.com,(690) 409-8365,Average,True,HR,Florida
EMP1220,Charlie,Williams,25.0,Active,2022-12-13,88085.74,charlie.williams@example.com,(552) 899-3159,Excellent,True,Sales,California
EMP1221,Alice,Williams,40.0,Pending,2022-03-03,118672.76,alice.williams@example.com,(875) 243-7728,Poor,False,Finance,Texas
EMP1222,Alice,Miller,35.0,Active,2024-02-10,95997.31,alice.miller@example.com,(420) 954-8148,Average,False,Cloud Tech,California
EMP1223,Frank,Brown,30.0,Pending,2021-11-24,106945.62,frank.brown@example.com,(737) 460-5232,Average,False,Cloud Tech,California
EMP1224,Heidi,Johnson,40.0,Active,2020-05-09,100123.15,heidi.johnson@example.com,(027) 642-0864,Average,False,DevOps,New York
EMP1225,Alice,Johnson,35.0,Active,2024-12-19,52933.42,alice.johnson@example.com,(675) 661-8442,Poor,True,Admin,Texas
EMP1226,Grace,Jones,35.0,Active,2024-03-22,95283.03,grace.jones@example.com,(861) 259-0471,Good,False,Finance,California
EMP1227,Alice,Miller,35.0,Inactive,2022-06-13,112264.06,alice.miller@example.com,(927) 742-3329,Good,False,HR,Texas
EMP1228,Grace,Smith,35.0,Pending,2022-10-15,75714.28,grace.smith@example.com,(591) 266-2014,Good,True,Admin,Florida
EMP1229,Eva,Jones,25.0,Active,2022-05-31,92171.73,eva.jones@example.com,(720) 185-9625,Poor,False,DevOps,Florida
EMP1230,Eva,Miller,35.0,Inactive,2023-09-15,70694.8,eva.miller@example.com,(301) 367-4925,Average,True,Cloud Tech,Texas
EMP1231,Grace,Brown,30.0,Inactive,2022-07-04,52964.86,grace.brown@example.com,(176) 475-0110,Good,True,DevOps,Florida
EMP1232,Frank,Brown,35.0,Pending,2024-06-08,116353.31,frank.brown@example.com,(178) 309-9973,Poor,True,Finance,California
EMP1233,Grace,Brown,35.0,Pending,2020-11-23,116695.26,grace.brown@example.com,(192) 676-4920,Good,False,Sales,Nevada
EMP1234,Heidi,Brown,25.0,Active,2024-05-13,95161.4,heidi.brown@example.com,(518) 260-6887,Excellent,False,Admin,Texas
EMP1235,Alice,Brown,30.0,Inactive,2022-01-29,76040.94,alice.brown@example.com,(718) 981-3128,Good,True,Admin,Nevada
EMP1236,Charlie,Miller,30.0,Inactive,2023-08-23,69508.28,charlie.miller@example.com,(208) 751-0292,Good,False,HR,Florida
EMP1237,Alice,Miller,30.0,Inactive,2023-02-24,58243.27,alice.miller@example.com,(218) 401-1844,Average,False,Finance,Illinois
EMP1238,Heidi,Williams,30.0,Pending,2022-10-02,64012.48,heidi.williams@example.com,(826) 034-0847,Poor,True,Sales,California
EMP1239,Bob,Garcia,40.0,Inactive,2020-06-28,106735.93,bob.garcia@example.com,(729) 758-5987,Average,True,Admin,Nevada
EMP1240,Frank,Johnson,35.0,Pending,2023-01-15,70325.36,frank.johnson@example.com,(310) 303-2431,Average,False,DevOps,Texas
EMP1241,Charlie,Davis,30.0,Active,2020-09-05,118959.28,charlie.davis@example.com,(983) 954-2960,Average,True,HR,Illinois
EMP1242,David,Brown,40.0,Pending,2023-03-18,75823.78,david.brown@example.com,(844) 626-7145,Average,False,Cloud Tech,California
EMP1243,Charlie,Smith,30.0,Inactive,2022-03-26,119971.65,charlie.smith@example.com,(283) 143-5988,Average,False,Cloud Tech,Texas
EMP1244,Grace,Davis,40.0,Active,2021-10-11,94963.7,grace.davis@example.com,(262) 566-0930,Good,False,Sales,Texas
EMP1245,Frank,Miller,30.0,Pending,2021-01-07,103744.71,frank.miller@example.com,(418) 186-1514,Average,False,Sales,Nevada
EMP1246,Alice,Smith,25.0,Inactive,2020-12-03,61337.69,alice.smith@example.com,(542) 340-1635,Average,True,Sales,New York
EMP1247,David,Smith,35.0,Active,2021-05-28,63741.13,david.smith@example.com,(112) 849-7184,Poor,True,Sales,California
EMP1248,Eva,Smith,30.0,Pending,2022-12-28,56539.99,eva.smith@example.com,(948) 491-0255,Excellent,True,DevOps,California
EMP1249,Charlie,Williams,30.0,Pending,2023-05-24,73633.37,charlie.williams@example.com,(258) 896-7923,Good,True,DevOps,Illinois
EMP1250,Alice,Miller,25.0,Pending,2024-04-28,90373.99,alice.miller@example.com,(082) 226-9404,Good,False,Cloud Tech,Texas
EMP1251,Grace,Smith,32.5,Inactive,2024-12-25,93901.48,grace.smith@example.com,(396) 727-5783,Good,False,DevOps,Texas
EMP1252,Eva,Brown,40.0,Inactive,2021-09-01,81748.09,eva.brown@example.com,(468) 341-4650,Average,True,Admin,Nevada
EMP1253,Charlie,Jones,40.0,Inactive,2021-02-21,73813.48,charlie.jones@example.com,(113) 129-0147,Average,False,Finance,Florida
EMP1254,Frank,Smith,35.0,Inactive,2022-11-20,89315.59,frank.smith@example.com,(706) 827-7880,Average,False,Finance,New York
EMP1255,Heidi,Williams,25.0,Active,2020-10-15,56776.82,heidi.williams@example.com,(609) 306-8537,Poor,False,HR,Florida
EMP1256,Grace,Davis,35.0,Active,2024-07-24,72920.51,grace.davis@example.com,(909) 728-3214,Excellent,True,Finance,New York
EMP1257,Frank,Miller,30.0,Pending,2022-08-14,84913.18,frank.miller@example.com,(285) 067-6250,Average,True,Admin,Florida
EMP1258,Alice,Garcia,25.0,Inactive,2021-05-08,65060.11,alice.garcia@example.com,(538) 144-7442,Excellent,True,Finance,Illinois
EMP1259,Alice,Williams,35.0,Pending,2023-10-09,82941.08,alice.williams@example.com,(096) 348-0796,Poor,False,Finance,Illinois
EMP1260,Bob,Smith,40.0,Pending,2022-01-19,103469.97,bob.smith@example.com,(050) 975-4509,Good,True,Admin,California
EMP1261,Grace,Miller,25.0,Active,2022-01-12,88725.6,grace.miller@example.com,(526) 501-6730,Average,True,Sales,Illinois
EMP1262,Heidi,Jones,30.0,Pending,2023-06-05,58316.77,heidi.jones@example.com,(882) 617-0242,Excellent,True,HR,Illinois
EMP1263,Grace,Smith,35.0,Inactive,2024-03-26,60098.72,grace.smith@example.com,(765) 456-2840,Excellent,True,HR,Illinois
EMP1264,Grace,Williams,30.0,Active,2020-10-07,99951.43,grace.williams@example.com,(772) 256-0530,Average,True,Cloud Tech,Texas
EMP1265,Heidi,Johnson,30.0,Active,2021-11-02,115195.81,heidi.johnson@example.com,(340) 266-5022,Good,True,Sales,Illinois
EMP1266,Grace,Brown,32.5,Pending,2021-11-19,85512.05,grace.brown@example.com,(741) 678-7255,Good,False,DevOps,California
EMP1267,Heidi,Garcia,30.0,Active,2022-01-24,73186.77,heidi.garcia@example.com,(862) 110-2257,Good,False,HR,Florida
EMP1268,Grace,Davis,30.0,Pending,2023-07-12,51865.3,grace.davis@example.com,(030) 569-0673,Poor,True,HR,Nevada
EMP1269,David,Williams,25.0,Active,2022-12-09,94031.77,david.williams@example.com,(471) 639-2822,Excellent,True,Sales,Florida
EMP1270,Grace,Miller,30.0,Active,2023-03-18,116374.36,grace.miller@example.com,(414) 363-7188,Excellent,False,DevOps,New York
EMP1271,Alice,Garcia,40.0,Active,2022-04-25,98335.02,alice.garcia@example.com,(239) 231-2603,Excellent,False,HR,Florida
EMP1272,Heidi,Garcia,25.0,Pending,2021-02-28,89262.07,heidi.garcia@example.com,(326) 093-1065,Poor,True,DevOps,New York
EMP1273,Heidi,Garcia,35.0,Active,2022-07-30,113848.69,heidi.garcia@example.com,(843) 356-7085,Excellent,True,Finance,California
EMP1274,Frank,Smith,35.0,Active,2021-05-19,69530.45,frank.smith@example.com,(041) 454-5634,Poor,True,Sales,Florida
EMP1275,Eva,Brown,35.0,Pending,2023-12-14,84230.22,eva.brown@example.com,(020) 005-3473,Good,True,DevOps,New York
EMP1276,Eva,Smith,35.0,Pending,2023-01-17,76578.59,eva.smith@example.com,(916) 247-5540,Average,False,Cloud Tech,Illinois
EMP1277,Frank,Miller,30.0,Inactive,2024-01-02,55532.06,frank.miller@example.com,(108) 255-5988,Excellent,True,HR,Texas
EMP1278,Eva,Smith,40.0,Pending,2021-07-09,115311.68,eva.smith@example.com,(534) 396-1128,Excellent,True,Admin,New York
EMP1279,Charlie,Johnson,25.0,Pending,2021-05-05,66972.06,charlie.johnson@example.com,(109) 337-1188,Good,True,Sales,Nevada
EMP1280,David,Brown,30.0,Inactive,2021-11-07,100215.06,david.brown@example.com,(547) 382-0235,Average,True,Cloud Tech,Texas
EMP1281,Charlie,Brown,25.0,Inactive,2023-08-30,115452.25,charlie.brown@example.com,(848) 557-1616,Poor,False,Sales,New York
EMP1282,Heidi,Miller,30.0,Inactive,2023-08-15,54141.38,heidi.miller@example.com,(688) 029-4239,Average,False,HR,California
EMP1283,David,Davis,32.5,Active,2020-12-24,79251.95,david.davis@example.com,(903) 678-8126,Good,False,DevOps,Nevada
EMP1284,Alice,Johnson,40.0,Pending,2024-11-21,114822.78,alice.johnson@example.com,(868) 669-4319,Good,True,Finance,New York
EMP1285,Alice,Williams,35.0,Active,2021-11-17,69919.32,alice.williams@example.com,(293) 908-7883,Average,True,Sales,Illinois
EMP1286,Heidi,Smith,30.0,Inactive,2021-01-29,106616.97,heidi.smith@example.com,(434) 481-2307,Poor,False,Sales,Florida
EMP1287,Heidi,Jones,35.0,Active,2024-02-17,73597.85,heidi.jones@example.com,(340) 242-4032,Poor,True,DevOps,New York
EMP1288,David,Smith,30.0,Inactive,2024-08-20,79939.23,david.smith@example.com,(810) 595-5183,Excellent,True,Sales,Nevada
EMP1289,Grace,Garcia,25.0,Inactive,2021-10-24,88000.88500000001,grace.garcia@example.com,(269) 450-0533,Poor,False,Admin,New York
EMP1290,Grace,Smith,30.0,Inactive,2021-09-10,90772.25,grace.smith@example.com,(240) 891-6497,Average,False,Finance,California
EMP1291,Eva,Williams,35.0,Active,2023-09-29,58275.74,eva.williams@example.com,(373) 543-9626,Good,False,DevOps,New York
EMP1292,Grace,Smith,32.5,Pending,2020-08-28,94709.79,grace.smith@example.com,(365) 271-7271,Excellent,False,DevOps,California
EMP1293,Frank,Johnson,30.0,Active,2022-09-06,60722.99,frank.johnson@example.com,(239) 724-0421,Excellent,True,Admin,New York
EMP1294,Frank,Johnson,40.0,Inactive,2024-03-31,87626.24,frank.johnson@example.com,(693) 121-6375,Good,True,DevOps,Illinois
EMP1295,David,Brown,30.0,Active,2022-12-12,81272.36,david.brown@example.com,(182) 091-6600,Poor,False,DevOps,Illinois
EMP1296,Bob,Miller,30.0,Pending,2022-11-01,64150.97,bob.miller@example.com,(002) 314-2899,Good,True,Cloud Tech,Texas
EMP1297,Charlie,Davis,35.0,Active,2023-10-25,64378.1,charlie.davis@example.com,(185) 132-7971,Poor,False,Sales,Florida
EMP1298,Bob,Jones,35.0,Inactive,2020-09-27,85927.35,bob.jones@example.com,(457) 230-8480,Good,False,Finance,Texas
EMP1299,Alice,Garcia,35.0,Inactive,2024-01-21,51523.93,alice.garcia@example.com,(001) 841-8619,Average,True,Finance,Nevada
EMP1300,Alice,Smith,30.0,Active,2022-05-17,74117.02,alice.smith@example.com,(303) 662-5435,Poor,False,Sales,Texas
EMP1301,Alice,Smith,25.0,Inactive,2022-04-17,62598.69,alice.smith@example.com,(172) 131-4518,Average,True,Finance,Texas
EMP1302,Grace,Williams,35.0,Inactive,2022-02-08,55617.5,grace.williams@example.com,(515) 109-2267,Excellent,True,Finance,Florida
EMP1303,Charlie,Miller,35.0,Pending,2022-03-15,87018.98,charlie.miller@example.com,(592) 624-9450,Good,True,Cloud Tech,New York
EMP1304,David,Johnson,25.0,Inactive,2023-10-11,100336.58,david.johnson@example.com,(475) 410-2251,Excellent,True,Cloud Tech,California
EMP1305,Grace,Jones,30.0,Inactive,2020-11-13,69295.48,grace.jones@example.com,(677) 119-6420,Excellent,False,Admin,Florida
EMP1306,Bob,Brown,25.0,Pending,2024-04-17,115536.66,bob.brown@example.com,(522) 655-7675,Excellent,True,DevOps,Florida
EMP1307,David,Johnson,30.0,Pending,2020-03-09,81250.87,david.johnson@example.com,(952) 366-8787,Excellent,False,Cloud Tech,Texas
EMP1308,Alice,Garcia,30.0,Inactive,2022-06-17,66403.75,alice.garcia@example.com,(788) 361-9688,Good,False,DevOps,Texas
EMP1309,Alice,Miller,30.0,Active,2024-07-28,114147.79,alice.miller@example.com,(313) 503-0586,Excellent,False,Sales,California
EMP1310,Frank,Garcia,30.0,Pending,2022-12-03,65472.99,frank.garcia@example.com,(210) 552-4727,Good,False,HR,New York
EMP1311,Alice,Davis,30.0,Active,2023-07-06,97512.51,alice.davis@example.com,(633) 302-1259,Good,True,Sales,Nevada
EMP1312,Alice,Brown,35.0,Inactive,2024-05-28,86712.41,alice.brown@example.com,(650) 191-7919,Average,True,DevOps,Nevada
EMP1313,Grace,Davis,30.0,Active,2024-03-25,87654.98,grace.davis@example.com,(252) 131-0961,Poor,False,HR,Florida
EMP1314,David,Williams,35.0,Inactive,2020-04-28,89367.02,david.williams@example.com,(272) 847-6569,Poor,False,DevOps,New York
EMP1315,Charlie,Garcia,40.0,Active,2021-11-07,95269.41,charlie.garcia@example.com,(412) 009-2819,Good,True,Admin,California
EMP1316,Frank,Williams,25.0,Active,2020-04-15,68792.31,frank.williams@example.com,(667) 849-8435,Average,False,Sales,Nevada
EMP1317,Alice,Smith,25.0,Pending,2023-10-07,89119.53,alice.smith@example.com,(241) 862-3689,Good,True,Admin,Illinois
EMP1318,Frank,Davis,35.0,Active,2024-02-27,58212.13,frank.davis@example.com,(362) 891-7755,Good,False,Cloud Tech,New York
EMP1319,Heidi,Miller,30.0,Pending,2021-02-22,77764.24,heidi.miller@example.com,(620) 563-4110,Good,True,DevOps,Illinois
EMP1320,Frank,Garcia,35.0,Pending,2023-08-21,75148.17,frank.garcia@example.com,(595) 034-2810,Average,False,Finance,Florida
EMP1321,Heidi,Jones,40.0,Inactive,2024-04-08,108781.18,heidi.jones@example.com,(390) 438-3033,Poor,False,Cloud Tech,Nevada
EMP1322,Frank,Brown,35.0,Pending,2024-11-04,65489.19,frank.brown@example.com,(199) 097-0050,Average,True,Finance,Texas
EMP1323,Eva,Johnson,30.0,Pending,2022-05-05,70663.46,eva.johnson@example.com,(405) 468-3564,Excellent,False,Sales,Illinois
EMP1324,David,Miller,40.0,Inactive,2023-02-01,95822.56,david.miller@example.com,(215) 681-8208,Average,False,Sales,New York
EMP1325,Eva,Miller,40.0,Pending,2022-10-01,82258.03,eva.miller@example.com,(679) 042-2710,Average,True,DevOps,Nevada
EMP1326,Frank,Williams,30.0,Pending,2022-09-27,62883.34,frank.williams@example.com,(332) 288-9856,Average,False,Admin,Nevada
EMP1327,Alice,Davis,30.0,Pending,2020-04-09,103503.72,alice.davis@example.com,(254) 596-0632,Average,True,Cloud Tech,Texas
EMP1328,David,Garcia,25.0,Active,2021-03-23,85401.3,david.garcia@example.com,(991) 297-1023,Poor,True,DevOps,New York
EMP1329,Heidi,Garcia,40.0,Pending,2023-02-03,89696.07,heidi.garcia@example.com,(817) 175-2420,Excellent,False,Cloud Tech,Texas
EMP1330,Eva,Smith,30.0,Pending,2024-07-23,98850.14,eva.smith@example.com,(495) 511-2746,Poor,False,HR,Texas
EMP1331,Charlie,Smith,25.0,Active,2021-05-08,63435.24,charlie.smith@example.com,(472) 197-0545,Poor,False,Cloud Tech,Illinois
EMP1332,Frank,Brown,35.0,Inactive,2022-04-11,82129.84,frank.brown@example.com,(692) 758-9550,Average,False,Finance,Texas
EMP1333,David,Williams,35.0,Pending,2024-10-23,95492.61,david.williams@example.com,(687) 409-0379,Good,False,DevOps,Texas
EMP1334,Grace,Miller,40.0,Inactive,2020-04-24,94572.37,grace.miller@example.com,(214) 629-6135,Good,False,Finance,Illinois
EMP1335,Bob,Garcia,40.0,Inactive,2023-03-04,118413.05,bob.garcia@example.com,(715) 778-7111,Poor,False,Finance,Nevada
EMP1336,Alice,Jones,30.0,Pending,2022-08-31,68976.65,alice.jones@example.com,(166) 365-1558,Poor,True,Admin,Nevada
EMP1337,Eva,Williams,30.0,Active,2021-01-02,115013.65,eva.williams@example.com,(737) 147-0826,Average,False,Sales,Nevada
EMP1338,David,Brown,30.0,Inactive,2020-06-06,70949.38,david.brown@example.com,(235) 909-6055,Poor,True,Admin,Nevada
EMP1339,Grace,Brown,30.0,Pending,2020-10-13,105334.87,grace.brown@example.com,(730) 306-4420,Average,False,HR,Florida
EMP1340,Bob,Williams,32.5,Active,2020-07-19,80596.18,bob.williams@example.com,(214) 614-7682,Good,False,DevOps,California
EMP1341,Frank,Brown,30.0,Inactive,2024-05-03,72846.37,frank.brown@example.com,(420) 165-4234,Good,True,Sales,Illinois
EMP1342,Heidi,Williams,40.0,Pending,2022-02-07,80229.36,heidi.williams@example.com,(677) 826-5959,Excellent,False,Admin,California
EMP1343,Grace,Johnson,25.0,Active,2023-12-31,55145.47,grace.johnson@example.com,(893) 199-2549,Good,False,Sales,California
EMP1344,Grace,Williams,30.0,Inactive,2022-01-08,88014.10500000001,grace.williams@example.com,(272) 751-6479,Poor,True,DevOps,Florida
EMP1345,Eva,Davis,40.0,Active,2020-09-28,56110.81,eva.davis@example.com,(727) 910-3367,Good,False,HR,California
EMP1346,Grace,Williams,25.0,Inactive,2023-02-09,56514.5,grace.williams@example.com,(296) 353-3904,Average,False,Cloud Tech,Texas
EMP1347,Frank,Brown,40.0,Inactive,2022-03-05,104541.84,frank.brown@example.com,(504) 481-7765,Good,False,Cloud Tech,California
EMP1348,David,Garcia,30.0,Pending,2022-02-18,61865.12,david.garcia@example.com,(558) 685-1275,Excellent,True,Sales,New York
EMP1349,Eva,Davis,40.0,Active,2022-06-09,69317.33,eva.davis@example.com,(528) 928-6645,Good,False,Admin,Texas
EMP1350,Bob,Brown,35.0,Pending,2023-07-04,84706.17,bob.brown@example.com,(491) 111-0960,Average,False,HR,New York
EMP1351,Heidi,Smith,25.0,Active,2022-03-21,73255.21,heidi.smith@example.com,(798) 178-9045,Average,False,Admin,California
EMP1352,Frank,Smith,40.0,Pending,2023-05-02,59528.71,frank.smith@example.com,(337) 861-3714,Poor,False,HR,Florida
EMP1353,David,Garcia,40.0,Inactive,2021-10-15,70401.37,david.garcia@example.com,(766) 053-8443,Good,True,HR,New York
EMP1354,Heidi,Garcia,30.0,Inactive,2021-07-28,107154.62,heidi.garcia@example.com,(463) 060-0024,Average,True,Admin,California
EMP1355,Bob,Davis,30.0,Pending,2021-01-03,97719.88,bob.davis@example.com,(895) 529-6385,Excellent,False,Admin,Illinois
EMP1356,Heidi,Johnson,30.0,Pending,2020-05-21,107327.59,heidi.johnson@example.com,(396) 096-2625,Poor,False,Finance,California
EMP1357,Grace,Garcia,40.0,Inactive,2021-05-10,67687.72,grace.garcia@example.com,(582) 631-2818,Excellent,True,Admin,Nevada
EMP1358,Grace,Smith,40.0,Pending,2022-09-08,90757.08,grace.smith@example.com,(648) 253-1105,Good,True,Cloud Tech,Florida
EMP1359,Grace,Williams,30.0,Pending,2024-07-21,87583.42,grace.williams@example.com,(092) 098-1959,Good,False,Cloud Tech,California
EMP1360,Bob,Brown,25.0,Pending,2021-12-28,61643.69,bob.brown@example.com,(275) 233-4382,Good,True,Admin,Nevada
EMP1361,Grace,Smith,35.0,Active,2020-07-20,68111.69,grace.smith@example.com,(640) 412-0910,Poor,False,Finance,Texas
EMP1362,David,Smith,40.0,Inactive,2024-04-30,97568.88,david.smith@example.com,(791) 124-4210,Average,True,HR,Florida
EMP1363,Charlie,Johnson,35.0,Active,2021-08-28,79118.28,charlie.johnson@example.com,(753) 617-0616,Poor,True,Cloud Tech,Florida
EMP1364,Bob,Davis,30.0,Inactive,2022-07-21,104898.9,bob.davis@example.com,(136) 657-2239,Excellent,True,HR,California
EMP1365,Frank,Davis,40.0,Pending,2023-11-27,81671.3,frank.davis@example.com,(299) 015-5798,Poor,True,Cloud Tech,Florida
EMP1366,Alice,Miller,25.0,Pending,2020-08-11,97399.75,alice.miller@example.com,(802) 841-3907,Excellent,False,Cloud Tech,California
EMP1367,David,Johnson,30.0,Active,2021-11-08,89189.43,david.johnson@example.com,(088) 235-1304,Poor,True,Admin,Illinois
EMP1368,David,Williams,40.0,Active,2023-08-04,96011.55,david.williams@example.com,(231) 244-7314,Average,True,DevOps,New York
EMP1369,David,Davis,40.0,Inactive,2020-01-10,99331.49,david.davis@example.com,(847) 768-6341,Excellent,False,Sales,Florida
EMP1370,Bob,Brown,30.0,Active,2022-01-19,72818.94,bob.brown@example.com,(346) 199-4236,Good,True,Cloud Tech,Illinois
EMP1371,Eva,Garcia,40.0,Inactive,2023-05-07,77204.75,eva.garcia@example.com,(676) 945-9195,Good,True,Sales,Nevada
EMP1372,Bob,Johnson,35.0,Pending,2020-12-19,106961.68,bob.johnson@example.com,(639) 551-7207,Poor,False,HR,Florida
EMP1373,Eva,Garcia,30.0,Pending,2020-10-01,71923.0,eva.garcia@example.com,(496) 498-5600,Good,True,Sales,Texas
EMP1374,Bob,Smith,30.0,Active,2022-11-12,77192.43,bob.smith@example.com,(256) 253-1354,Excellent,False,HR,Nevada
EMP1375,Grace,Brown,40.0,Pending,2023-01-05,98540.3,grace.brown@example.com,(251) 050-5378,Good,False,Admin,Florida
EMP1376,Charlie,Brown,30.0,Inactive,2020-10-14,63096.9,charlie.brown@example.com,(538) 164-9382,Average,False,Admin,Florida
EMP1377,Alice,Smith,35.0,Active,2021-02-03,107065.12,alice.smith@example.com,(184) 919-6654,Average,False,Cloud Tech,Florida
EMP1378,Heidi,Johnson,40.0,Inactive,2023-12-25,108792.43,heidi.johnson@example.com,(330) 770-4610,Poor,True,DevOps,Florida
EMP1379,Bob,Smith,30.0,Inactive,2020-03-07,69239.7,bob.smith@example.com,(729) 596-3903,Excellent,False,Cloud Tech,New York
EMP1380,Charlie,Garcia,40.0,Inactive,2023-01-30,85756.42,charlie.garcia@example.com,(090) 742-6087,Average,True,Sales,Nevada
EMP1381,Eva,Miller,30.0,Active,2024-04-05,100328.62,eva.miller@example.com,(050) 171-6444,Average,True,HR,Illinois
EMP1382,Grace,Brown,25.0,Active,2021-09-01,111236.69,grace.brown@example.com,(561) 857-9063,Excellent,True,DevOps,Nevada
EMP1383,Eva,Jones,35.0,Active,2024-05-07,106832.22,eva.jones@example.com,(771) 591-0299,Good,True,Cloud Tech,Florida
EMP1384,Frank,Jones,32.5,Active,2023-06-15,59746.45,frank.jones@example.com,(215) 632-1357,Good,True,DevOps,Florida
EMP1385,David,Garcia,25.0,Pending,2021-07-29,91780.04,david.garcia@example.com,(004) 010-4144,Poor,True,Sales,California
EMP1386,Eva,Williams,35.0,Pending,2023-10-23,107062.66,eva.williams@example.com,(964) 229-7124,Good,True,Sales,California
EMP1387,Grace,Davis,25.0,Active,2023-12-07,110625.52,grace.davis@example.com,(296) 718-8396,Excellent,True,HR,Nevada
EMP1388,Frank,Smith,30.0,Inactive,2020-10-18,90419.79,frank.smith@example.com,(745) 731-4414,Average,True,DevOps,Florida
EMP1389,Grace,Smith,40.0,Pending,2024-06-15,111608.76,grace.smith@example.com,(833) 117-0302,Good,True,Finance,Texas
EMP1390,Eva,Williams,35.0,Inactive,2023-04-06,50173.12,eva.williams@example.com,(763) 715-3987,Poor,False,Finance,Florida
EMP1391,Bob,Williams,40.0,Pending,2022-01-03,109507.44,bob.williams@example.com,(547) 281-2355,Good,False,DevOps,Nevada
EMP1392,Grace,Garcia,30.0,Inactive,2021-07-03,72600.56,grace.garcia@example.com,(798) 363-1461,Excellent,False,Finance,New York
EMP1393,Charlie,Garcia,35.0,Pending,2024-04-10,53388.65,charlie.garcia@example.com,(491) 271-1306,Poor,True,Finance,California
EMP1394,Heidi,Williams,25.0,Inactive,2022-07-23,50047.32,heidi.williams@example.com,(240) 787-5417,Good,False,Cloud Tech,New York
EMP1395,David,Brown,30.0,Active,2024-11-25,115290.79,david.brown@example.com,(156) 326-8684,Poor,False,DevOps,California
EMP1396,Frank,Garcia,35.0,Pending,2023-08-21,61586.76,frank.garcia@example.com,(074) 510-6633,Excellent,False,Cloud Tech,California
EMP1397,Eva,Miller,30.0,Active,2023-12-12,56662.86,eva.miller@example.com,(362) 948-9785,Average,True,Finance,Nevada
EMP1398,Bob,Garcia,30.0,Pending,2023-10-24,82273.08,bob.garcia@example.com,(103) 131-0093,Excellent,True,Sales,New York
EMP1399,Frank,Smith,25.0,Active,2022-09-05,54957.98,frank.smith@example.com,(318) 143-9665,Excellent,True,Finance,Nevada
EMP1400,Bob,Garcia,25.0,Inactive,2020-10-07,76790.47,bob.garcia@example.com,(134) 732-3548,Excellent,True,HR,California
EMP1401,Charlie,Brown,30.0,Pending,2020-01-18,92722.35,charlie.brown@example.com,(401) 289-7431,Excellent,False,Cloud Tech,Illinois
EMP1402,Frank,Williams,30.0,Active,2022-04-23,93125.32,frank.williams@example.com,(512) 257-2075,Average,False,DevOps,Nevada
EMP1403,David,Smith,25.0,Active,2023-04-22,101100.64,david.smith@example.com,(502) 412-0956,Average,False,Cloud Tech,New York
EMP1404,Grace,Garcia,35.0,Inactive,2023-08-13,55897.41,grace.garcia@example.com,(907) 371-0093,Poor,False,Admin,New York
EMP1405,Eva,Brown,25.0,Active,2022-11-26,92484.88,eva.brown@example.com,(388) 221-1456,Good,True,DevOps,California
EMP1406,Grace,Miller,35.0,Active,2022-10-10,77011.99,grace.miller@example.com,(758) 474-5704,Average,True,DevOps,Texas
EMP1407,Bob,Garcia,30.0,Inactive,2020-09-27,77078.68,bob.garcia@example.com,(458) 971-4801,Average,True,Cloud Tech,California
EMP1408,Grace,Brown,35.0,Active,2024-04-11,82971.02,grace.brown@example.com,(632) 570-3964,Good,False,Sales,Nevada
EMP1409,Bob,Miller,25.0,Active,2021-06-20,65102.01,bob.miller@example.com,(313) 614-8781,Average,True,Sales,Texas
EMP1410,Grace,Williams,30.0,Pending,2022-10-23,103697.7,grace.williams@example.com,(455) 696-4429,Excellent,True,HR,Nevada
EMP1411,Grace,Garcia,25.0,Pending,2023-06-15,60687.63,grace.garcia@example.com,(985) 916-7953,Excellent,False,DevOps,Illinois
EMP1412,Bob,Miller,30.0,Pending,2021-10-31,77351.21,bob.miller@example.com,(107) 272-8497,Good,False,Admin,New York
EMP1413,Bob,Smith,35.0,Pending,2024-09-29,66704.62,bob.smith@example.com,(247) 414-0702,Poor,True,DevOps,Florida
EMP1414,Grace,Williams,25.0,Pending,2020-04-22,71650.3,grace.williams@example.com,(491) 074-0649,Poor,True,Finance,Illinois
EMP1415,Charlie,Smith,25.0,Active,2023-12-07,50794.54,charlie.smith@example.com,(042) 548-8213,Good,True,Cloud Tech,Nevada
EMP1416,Frank,Jones,30.0,Inactive,2020-12-07,76030.86,frank.jones@example.com,(236) 914-3074,Good,True,Sales,Nevada
EMP1417,Eva,Johnson,25.0,Inactive,2021-07-11,86669.79,eva.johnson@example.com,(366) 614-4941,Excellent,True,Cloud Tech,California
EMP1418,Bob,Garcia,40.0,Inactive,2020-04-23,84972.7,bob.garcia@example.com,(965) 923-4267,Poor,True,Finance,Illinois
EMP1419,Frank,Miller,30.0,Pending,2023-10-12,100594.49,frank.miller@example.com,(344) 149-7825,Average,False,HR,Texas
EMP1420,Alice,Johnson,25.0,Active,2022-08-24,75478.35,alice.johnson@example.com,(612) 875-8574,Excellent,False,Cloud Tech,New York
EMP1421,Charlie,Johnson,25.0,Pending,2023-09-04,79355.85,charlie.johnson@example.com,(676) 670-8060,Good,False,Sales,Nevada
EMP1422,Grace,Miller,35.0,Pending,2022-02-02,58358.07,grace.miller@example.com,(294) 398-5297,Poor,True,HR,Texas
EMP1423,Alice,Williams,30.0,Active,2022-04-01,54824.85,alice.williams@example.com,(940) 626-0786,Average,False,Admin,Illinois
EMP1424,Eva,Garcia,35.0,Pending,2022-07-24,50557.84,eva.garcia@example.com,(010) 415-9148,Average,True,HR,Texas
EMP1425,Eva,Jones,30.0,Inactive,2023-04-26,118030.04,eva.jones@example.com,(750) 198-0381,Excellent,True,Admin,Florida
EMP1426,David,Smith,30.0,Active,2022-04-19,51673.72,david.smith@example.com,(872) 324-4078,Poor,False,Admin,New York
EMP1427,Alice,Brown,35.0,Inactive,2024-10-04,101665.79,alice.brown@example.com,(311) 029-1812,Poor,True,Cloud Tech,Nevada
EMP1428,David,Smith,30.0,Inactive,2020-05-02,118079.15,david.smith@example.com,(317) 087-6013,Good,True,Admin,Florida
EMP1429,Eva,Brown,25.0,Pending,2022-04-25,99059.28,eva.brown@example.com,(672) 384-9790,Poor,False,Cloud Tech,New York
EMP1430,Bob,Smith,30.0,Active,2023-07-29,107397.4,bob.smith@example.com,(620) 223-2882,Poor,False,Cloud Tech,Illinois
EMP1431,Alice,Miller,40.0,Active,2021-08-20,68269.37,alice.miller@example.com,(774) 419-7545,Excellent,False,DevOps,New York
EMP1432,Grace,Jones,35.0,Inactive,2021-04-23,55228.12,grace.jones@example.com,(617) 662-0470,Poor,True,HR,Florida
EMP1433,Bob,Garcia,30.0,Inactive,2022-08-12,71982.33,bob.garcia@example.com,(960) 940-9704,Average,False,Cloud Tech,New York
EMP1434,Frank,Brown,30.0,Inactive,2021-06-26,109673.75,frank.brown@example.com,(277) 402-5882,Excellent,False,Finance,California
EMP1435,Eva,Garcia,30.0,Inactive,2020-10-30,56384.9,eva.garcia@example.com,(586) 812-2594,Excellent,True,Cloud Tech,New York
EMP1436,Frank,Garcia,40.0,Pending,2021-09-04,68211.68,frank.garcia@example.com,(724) 461-7678,Good,False,Sales,Texas
EMP1437,Alice,Garcia,40.0,Pending,2023-01-31,67489.68,alice.garcia@example.com,(298) 842-5994,Poor,False,Finance,Illinois
EMP1438,Charlie,Davis,25.0,Active,2020-09-24,63869.31,charlie.davis@example.com,(996) 100-2310,Good,False,Cloud Tech,Texas
EMP1439,Bob,Williams,30.0,Active,2020-02-14,119801.3,bob.williams@example.com,(775) 331-2660,Average,True,Sales,California
EMP1440,Heidi,Smith,30.0,Active,2020-03-28,115959.65,heidi.smith@example.com,(094) 101-7589,Excellent,True,Cloud Tech,California
EMP1441,Grace,Garcia,40.0,Inactive,2023-10-31,79866.48,grace.garcia@example.com,(251) 762-9832,Excellent,True,Finance,Texas
EMP1442,Charlie,Smith,35.0,Active,2020-03-11,92987.46,charlie.smith@example.com,(477) 433-2682,Excellent,True,HR,Florida
EMP1443,Eva,Garcia,40.0,Inactive,2020-05-04,56140.51,eva.garcia@example.com,(190) 130-2055,Average,False,Finance,Illinois
EMP1444,Grace,Brown,30.0,Active,2023-07-15,119586.11,grace.brown@example.com,(981) 528-7338,Average,True,DevOps,Illinois
EMP1445,Alice,Williams,40.0,Inactive,2023-01-20,104700.46,alice.williams@example.com,(785) 598-2175,Good,True,DevOps,California
EMP1446,Frank,Williams,40.0,Active,2021-10-15,91798.14,frank.williams@example.com,(619) 128-4116,Good,False,HR,New York
EMP1447,Eva,Miller,25.0,Inactive,2024-04-19,90879.22,eva.miller@example.com,(309) 850-3445,Good,False,Finance,Illinois
EMP1448,Charlie,Davis,25.0,Active,2021-06-29,87358.27,charlie.davis@example.com,(512) 418-9388,Poor,False,Admin,Nevada
EMP1449,Alice,Miller,30.0,Inactive,2024-09-14,119407.93,alice.miller@example.com,(846) 908-1973,Excellent,True,Sales,Florida
EMP1450,David,Miller,30.0,Pending,2022-01-04,113978.6,david.miller@example.com,(005) 643-5022,Excellent,True,HR,Nevada
EMP1451,Frank,Miller,30.0,Pending,2021-01-20,108568.78,frank.miller@example.com,(850) 371-9904,Good,True,Sales,New York
EMP1452,Heidi,Miller,30.0,Inactive,2020-03-18,56318.02,heidi.miller@example.com,(169) 918-7239,Excellent,False,HR,New York
EMP1453,David,Miller,25.0,Active,2021-11-10,114252.73,david.miller@example.com,(107) 835-6742,Good,False,Sales,Florida
EMP1454,Charlie,Jones,35.0,Inactive,2020-05-01,51533.9,charlie.jones@example.com,(000) 389-6086,Poor,True,DevOps,New York
EMP1455,Charlie,Williams,25.0,Active,2022-02-04,99317.66,charlie.williams@example.com,(066) 266-8216,Poor,False,Sales,California
EMP1456,Bob,Miller,35.0,Active,2020-11-18,101264.64,bob.miller@example.com,(195) 535-6032,Average,False,HR,California
EMP1457,Heidi,Garcia,35.0,Pending,2023-11-21,112272.02,heidi.garcia@example.com,(190) 368-9002,Poor,False,Admin,Nevada
EMP1458,Frank,Williams,30.0,Active,2022-02-13,71477.63,frank.williams@example.com,(010) 272-4054,Good,True,DevOps,Illinois
EMP1459,Charlie,Williams,30.0,Pending,2023-03-19,77412.1,charlie.williams@example.com,(934) 296-7110,Poor,False,DevOps,Texas
EMP1460,Alice,Johnson,30.0,Pending,2021-03-28,94775.27,alice.johnson@example.com,(483) 753-7457,Average,False,Sales,California
EMP1461,Heidi,Jones,30.0,Active,2021-05-02,74276.71,heidi.jones@example.com,(438) 458-8104,Excellent,True,HR,Nevada
EMP1462,Bob,Miller,35.0,Inactive,2021-03-05,67467.86,bob.miller@example.com,(697) 413-2833,Good,True,Finance,Texas
EMP1463,Eva,Smith,25.0,Active,2022-03-01,80675.41,eva.smith@example.com,(831) 520-3770,Excellent,False,DevOps,Texas
EMP1464,Charlie,Brown,40.0,Inactive,2023-01-23,76274.33,charlie.brown@example.com,(070) 449-6409,Average,False,Finance,Florida
EMP1465,David,Davis,30.0,Active,2021-08-26,51405.46,david.davis@example.com,(496) 706-6702,Average,True,Finance,Texas
EMP1466,Bob,Garcia,25.0,Inactive,2020-11-25,101238.96,bob.garcia@example.com,(362) 680-4084,Average,True,HR,New York
EMP1467,Bob,Smith,35.0,Inactive,2023-12-13,52169.52,bob.smith@example.com,(095) 493-0595,Excellent,False,Sales,Illinois
EMP1468,Charlie,Jones,35.0,Active,2020-07-26,73176.62,charlie.jones@example.com,(601) 864-8768,Excellent,False,Finance,New York
EMP1469,Grace,Brown,32.5,Pending,2021-06-27,96241.85,grace.brown@example.com,(984) 267-3203,Excellent,False,DevOps,Nevada
EMP1470,Bob,Jones,25.0,Pending,2024-09-16,84366.38,bob.jones@example.com,(413) 845-9608,Excellent,False,Finance,Illinois
EMP1471,Alice,Garcia,40.0,Pending,2023-07-04,92015.09,alice.garcia@example.com,(454) 490-1494,Average,True,Cloud Tech,California
EMP1472,Alice,Williams,30.0,Inactive,2020-06-16,83149.95,alice.williams@example.com,(427) 707-0704,Average,False,Admin,Nevada
EMP1473,Grace,Brown,40.0,Inactive,2020-07-05,94930.65,grace.brown@example.com,(783) 609-1497,Good,False,Finance,Nevada
EMP1474,Frank,Williams,40.0,Inactive,2020-04-01,68430.72,frank.williams@example.com,(517) 244-4722,Good,True,HR,New York
EMP1475,David,Garcia,35.0,Active,2024-03-20,98752.97,david.garcia@example.com,(229) 031-0286,Excellent,False,Sales,Texas
EMP1476,Frank,Smith,35.0,Active,2023-02-07,54268.86,frank.smith@example.com,(950) 830-4404,Poor,True,Finance,Illinois
EMP1477,Grace,Garcia,32.5,Pending,2024-12-10,66494.94,grace.garcia@example.com,(809) 351-1870,Poor,False,DevOps,Florida
EMP1478,Grace,Smith,25.0,Pending,2024-06-27,90003.98,grace.smith@example.com,(813) 359-5615,Average,False,Sales,Illinois
EMP1479,Charlie,Brown,25.0,Active,2021-03-09,106592.25,charlie.brown@example.com,(420) 595-5656,Average,True,Finance,New York
EMP1480,Grace,Brown,25.0,Active,2024-08-11,93905.83,grace.brown@example.com,(490) 250-4289,Average,True,DevOps,Florida
EMP1481,Eva,Miller,35.0,Active,2022-03-05,88945.49,eva.miller@example.com,(193) 588-9535,Good,False,DevOps,Texas
EMP1482,Eva,Jones,35.0,Pending,2023-06-30,91130.33,eva.jones@example.com,(902) 611-3988,Good,False,Finance,Texas
EMP1483,Bob,Miller,40.0,Pending,2023-04-19,90787.4,bob.miller@example.com,(868) 180-9787,Average,False,Admin,New York
EMP1484,Bob,Jones,25.0,Inactive,2024-11-11,87494.34,bob.jones@example.com,(754) 394-3534,Average,True,Sales,Texas
EMP1485,Grace,Miller,35.0,Inactive,2023-03-17,92627.35,grace.miller@example.com,(375) 137-6514,Average,False,Finance,Nevada
EMP1486,Eva,Williams,40.0,Pending,2023-10-26,98556.29,eva.williams@example.com,(881) 579-3762,Poor,True,Admin,Illinois
EMP1487,Frank,Brown,30.0,Inactive,2021-07-04,112792.2,frank.brown@example.com,(928) 369-2943,Good,True,Cloud Tech,Nevada
EMP1488,Eva,Smith,35.0,Pending,2023-11-03,56875.22,eva.smith@example.com,(551) 166-8296,Poor,False,HR,Florida
EMP1489,Charlie,Jones,35.0,Inactive,2021-07-05,101015.96,charlie.jones@example.com,(327) 021-6486,Poor,True,DevOps,Florida
EMP1490,Bob,Garcia,30.0,Inactive,2024-02-26,83912.22,bob.garcia@example.com,(120) 602-1287,Average,False,Finance,New York
EMP1491,Frank,Jones,25.0,Active,2021-09-29,99669.86,frank.jones@example.com,(665) 268-3414,Average,False,Sales,New York
EMP1492,Alice,Smith,30.0,Active,2021-05-25,52314.97,alice.smith@example.com,(599) 910-1575,Excellent,False,Admin,New York
EMP1493,Frank,Miller,30.0,Inactive,2022-10-31,77785.96,frank.miller@example.com,(764) 722-9811,Excellent,False,HR,California
EMP1494,Alice,Jones,30.0,Pending,2022-07-02,62430.86,alice.jones@example.com,(099) 576-5727,Poor,False,HR,Florida
EMP1495,Frank,Davis,35.0,Pending,2024-08-28,98219.54,frank.davis@example.com,(941) 347-5097,Good,True,Admin,California
EMP1496,Grace,Williams,25.0,Active,2024-10-21,65494.58,grace.williams@example.com,(898) 645-6521,Average,True,Admin,Illinois
EMP1497,David,Brown,35.0,Pending,2020-02-11,110524.1,david.brown@example.com,(036) 849-9514,Average,False,DevOps,Florida
EMP1498,Alice,Smith,40.0,Active,2023-05-16,106060.54,alice.smith@example.com,(421) 447-7323,Poor,False,Admin,Nevada
EMP1499,Eva,Brown,35.0,Inactive,2022-07-29,67639.91,eva.brown@example.com,(491) 342-1387,Excellent,True,Finance,Florida
EMP1500,Grace,Davis,30.0,Pending,2023-09-18,117653.98,grace.davis@example.com,(209) 088-3069,Good,True,Cloud Tech,Texas
EMP1501,Eva,Jones,35.0,Inactive,2020-05-10,73539.86,eva.jones@example.com,(534) 967-8273,Excellent,True,DevOps,Texas
EMP1502,Frank,Jones,35.0,Pending,2023-08-27,70915.38,frank.jones@example.com,(117) 674-1240,Excellent,True,HR,Nevada
EMP1503,David,Garcia,25.0,Pending,2021-10-16,97652.9,david.garcia@example.com,(513) 152-8546,Excellent,False,Sales,Florida
EMP1504,Heidi,Davis,35.0,Inactive,2022-03-06,101571.25,heidi.davis@example.com,(815) 061-8537,Excellent,False,HR,Florida
EMP1505,David,Smith,35.0,Active,2023-11-06,87424.46,david.smith@example.com,(003) 296-3346,Average,True,DevOps,Nevada
EMP1506,Frank,Garcia,30.0,Pending,2024-11-30,89077.36,frank.garcia@example.com,(272) 742-3182,Average,False,HR,New York
EMP1507,Heidi,Williams,30.0,Pending,2024-07-13,89132.22,heidi.williams@example.com,(061) 789-3205,Excellent,True,DevOps,California
EMP1508,Frank,Garcia,25.0,Active,2024-03-04,111000.26,frank.garcia@example.com,(496) 935-7823,Good,False,Admin,California
EMP1509,Frank,Johnson,35.0,Inactive,2022-08-07,109584.97,frank.johnson@example.com,(347) 769-5873,Poor,True,HR,Illinois
EMP1510,Bob,Smith,40.0,Active,2024-11-11,97648.84,bob.smith@example.com,(131) 467-5360,Good,False,Admin,Illinois
EMP1511,Grace,Johnson,25.0,Active,2021-12-02,78643.43,grace.johnson@example.com,(275) 156-2778,Good,True,Admin,New York
EMP1512,Heidi,Davis,30.0,Active,2024-05-14,55656.8,heidi.davis@example.com,(630) 448-3607,Good,True,HR,Nevada
EMP1513,Charlie,Miller,35.0,Active,2022-07-14,69146.95,charlie.miller@example.com,(545) 667-6639,Excellent,False,DevOps,Texas
EMP1514,Charlie,Johnson,30.0,Active,2020-09-22,93013.58,charlie.johnson@example.com,(473) 504-7638,Average,True,Admin,Florida
EMP1515,Grace,Williams,40.0,Active,2020-03-18,87364.78,grace.williams@example.com,(283) 199-5297,Good,False,Finance,Florida
EMP1516,Alice,Garcia,35.0,Active,2023-10-17,50288.67,alice.garcia@example.com,(006) 155-8107,Excellent,False,Sales,New York
EMP1517,David,Miller,35.0,Active,2022-02-24,85233.55,david.miller@example.com,(358) 328-6341,Good,True,HR,New York
EMP1518,Bob,Garcia,25.0,Inactive,2024-01-30,86420.19,bob.garcia@example.com,(556) 383-0007,Good,False,HR,California
EMP1519,Grace,Johnson,30.0,Inactive,2024-03-16,63189.82,grace.johnson@example.com,(186) 702-4402,Excellent,False,HR,Florida
EMP1520,Grace,Garcia,25.0,Pending,2020-09-25,64783.32,grace.garcia@example.com,(304) 166-2410,Average,False,Admin,New York
EMP1521,Charlie,Davis,25.0,Pending,2024-06-10,52615.44,charlie.davis@example.com,(186) 008-9218,Average,False,HR,Nevada
EMP1522,Eva,Miller,30.0,Pending,2020-04-08,96337.89,eva.miller@example.com,(639) 456-8043,Poor,False,Sales,Texas
EMP1523,Alice,Davis,25.0,Inactive,2022-06-28,76617.76,alice.davis@example.com,(731) 497-6460,Excellent,True,DevOps,Texas
EMP1524,Heidi,Johnson,30.0,Pending,2023-07-14,50651.32,heidi.johnson@example.com,(368) 474-8835,Poor,False,Admin,Nevada
EMP1525,Bob,Davis,30.0,Pending,2023-12-06,59601.45,bob.davis@example.com,(076) 581-7389,Poor,False,HR,Illinois
EMP1526,Bob,Williams,32.5,Active,2021-08-01,57980.88,bob.williams@example.com,(637) 579-1451,Poor,False,DevOps,Illinois
EMP1527,David,Johnson,30.0,Pending,2021-02-17,75054.53,david.johnson@example.com,(118) 237-9311,Average,False,Admin,California
EMP1528,Charlie,Johnson,25.0,Active,2023-11-10,115318.7,charlie.johnson@example.com,(697) 893-0745,Excellent,False,Sales,Florida
EMP1529,Alice,Johnson,25.0,Active,2024-09-06,90190.69,alice.johnson@example.com,(452) 059-9603,Poor,True,DevOps,Texas
EMP1530,Bob,Smith,30.0,Pending,2020-07-26,113334.56,bob.smith@example.com,(387) 875-3576,Excellent,False,Cloud Tech,Nevada
EMP1531,Heidi,Garcia,35.0,Active,2020-07-23,106922.49,heidi.garcia@example.com,(881) 161-6201,Excellent,True,HR,Florida
EMP1532,Eva,Smith,35.0,Inactive,2024-02-21,58113.07,eva.smith@example.com,(812) 371-0671,Average,True,DevOps,California
EMP1533,Alice,Smith,25.0,Pending,2020-12-15,73006.26,alice.smith@example.com,(872) 866-0415,Poor,True,Admin,Nevada
EMP1534,Eva,Williams,25.0,Active,2020-08-21,78054.43,eva.williams@example.com,(448) 595-9223,Poor,True,HR,California
EMP1535,Eva,Miller,40.0,Inactive,2023-08-21,112028.67,eva.miller@example.com,(839) 589-4772,Excellent,False,DevOps,Florida
EMP1536,Charlie,Garcia,25.0,Inactive,2023-04-24,83787.24,charlie.garcia@example.com,(522) 870-5621,Good,True,Admin,Texas
EMP1537,Heidi,Davis,30.0,Inactive,2023-06-06,52017.14,heidi.davis@example.com,(710) 433-1874,Average,True,Sales,Florida
EMP1538,Charlie,Jones,40.0,Inactive,2022-06-21,53218.06,charlie.jones@example.com,(109) 792-1582,Average,False,Finance,Texas
EMP1539,Frank,Johnson,25.0,Pending,2024-04-20,102053.67,frank.johnson@example.com,(503) 446-9458,Average,False,DevOps,Nevada
EMP1540,David,Davis,35.0,Pending,2023-12-05,93276.73,david.davis@example.com,(648) 831-9212,Average,False,Sales,Illinois
EMP1541,David,Johnson,40.0,Pending,2023-08-06,76941.36,david.johnson@example.com,(424) 912-8964,Poor,True,HR,Nevada
EMP1542,Alice,Williams,25.0,Pending,2024-10-04,82850.23,alice.williams@example.com,(999) 497-3202,Poor,False,DevOps,New York
EMP1543,Charlie,Johnson,25.0,Active,2021-11-08,117910.15,charlie.johnson@example.com,(319) 222-7050,Good,False,Finance,California
EMP1544,David,Smith,32.5,Inactive,2024-07-31,66450.0,david.smith@example.com,(028) 767-5480,Average,True,DevOps,Florida
EMP1545,Heidi,Garcia,25.0,Inactive,2020-08-31,118646.95,heidi.garcia@example.com,(386) 667-5484,Average,False,Finance,Florida
EMP1546,Alice,Jones,25.0,Active,2023-02-15,88436.92,alice.jones@example.com,(819) 324-2686,Excellent,False,Finance,Florida
EMP1547,Eva,Brown,30.0,Pending,2023-10-07,81934.55,eva.brown@example.com,(741) 865-2056,Poor,False,Sales,New York
EMP1548,Alice,Johnson,30.0,Pending,2024-04-20,93383.06,alice.johnson@example.com,(563) 983-6519,Average,False,Finance,California
EMP1549,Frank,Davis,40.0,Pending,2021-03-30,50153.79,frank.davis@example.com,(375) 830-9450,Good,True,Cloud Tech,Texas
EMP1550,Eva,Smith,30.0,Pending,2020-08-05,53204.47,eva.smith@example.com,(548) 094-0475,Good,False,Sales,California
EMP1551,Charlie,Brown,40.0,Pending,2021-02-05,63128.04,charlie.brown@example.com,(044) 090-7976,Poor,False,Cloud Tech,California
EMP1552,Grace,Jones,30.0,Pending,2021-11-23,57543.6,grace.jones@example.com,(278) 105-0921,Good,True,Finance,New York
EMP1553,Bob,Brown,40.0,Pending,2022-10-29,59424.52,bob.brown@example.com,(216) 107-0517,Good,False,Finance,Nevada
EMP1554,Alice,Smith,35.0,Inactive,2022-11-07,104675.7,alice.smith@example.com,(439) 055-2957,Poor,True,Finance,Illinois
EMP1555,Charlie,Garcia,30.0,Pending,2023-05-14,92431.25,charlie.garcia@example.com,(066) 013-8240,Average,False,Cloud Tech,Florida
EMP1556,Grace,Garcia,40.0,Active,2021-07-14,77850.9,grace.garcia@example.com,(270) 493-8619,Average,True,Sales,Nevada
EMP1557,Eva,Miller,40.0,Inactive,2023-05-18,99001.0,eva.miller@example.com,(448) 515-7918,Good,True,Admin,New York
EMP1558,Eva,Garcia,30.0,Pending,2023-02-07,94280.83,eva.garcia@example.com,(711) 121-2589,Good,True,HR,Nevada
EMP1559,Eva,Miller,35.0,Pending,2023-08-24,118262.56,eva.miller@example.com,(203) 571-3431,Average,True,DevOps,New York
EMP1560,Frank,Brown,25.0,Inactive,2023-04-08,89944.67,frank.brown@example.com,(406) 424-2955,Poor,False,HR,Illinois
EMP1561,Grace,Williams,30.0,Active,2022-12-06,57452.93,grace.williams@example.com,(334) 324-4740,Good,True,HR,Florida
EMP1562,Alice,Davis,25.0,Active,2021-08-09,97837.32,alice.davis@example.com,(759) 558-7208,Excellent,False,Admin,California
EMP1563,Alice,Davis,35.0,Active,2022-01-04,106981.84,alice.davis@example.com,(628) 936-5434,Poor,True,Admin,Illinois
EMP1564,David,Brown,35.0,Pending,2024-05-25,105778.36,david.brown@example.com,(884) 183-4373,Good,True,Finance,New York
EMP1565,Alice,Johnson,40.0,Pending,2021-10-02,117608.32,alice.johnson@example.com,(018) 272-7954,Good,True,Finance,Florida
EMP1566,Eva,Johnson,30.0,Active,2023-07-21,99324.03,eva.johnson@example.com,(969) 051-5025,Excellent,False,Sales,Florida
EMP1567,David,Garcia,30.0,Active,2023-10-30,55212.83,david.garcia@example.com,(755) 125-4277,Excellent,True,HR,Florida
EMP1568,Bob,Davis,40.0,Inactive,2023-02-13,68496.77,bob.davis@example.com,(207) 979-9666,Average,False,Cloud Tech,Florida
EMP1569,Eva,Davis,25.0,Pending,2020-11-13,52795.84,eva.davis@example.com,(345) 957-6402,Poor,False,HR,Florida
EMP1570,Alice,Miller,32.5,Inactive,2024-06-05,90087.39,alice.miller@example.com,(816) 649-6901,Poor,False,DevOps,California
EMP1571,Frank,Williams,30.0,Pending,2020-05-19,105038.08,frank.williams@example.com,(824) 983-9224,Average,False,Admin,New York
EMP1572,Grace,Smith,25.0,Active,2023-09-20,73231.85,grace.smith@example.com,(014) 257-6269,Poor,False,HR,New York
EMP1573,David,Johnson,30.0,Pending,2024-08-13,102649.36,david.johnson@example.com,(232) 441-2335,Poor,False,Sales,Florida
EMP1574,Bob,Davis,35.0,Pending,2023-06-10,114302.51,bob.davis@example.com,(132) 850-7250,Poor,False,Finance,New York
EMP1575,Alice,Miller,35.0,Inactive,2021-06-09,87816.61,alice.miller@example.com,(786) 376-7315,Poor,False,Finance,Texas
EMP1576,Frank,Jones,30.0,Inactive,2020-03-30,70750.38,frank.jones@example.com,(252) 654-6967,Poor,False,Sales,Florida
EMP1577,Frank,Miller,30.0,Active,2024-05-02,89696.07,frank.miller@example.com,(157) 903-9234,Excellent,True,Cloud Tech,Texas
EMP1578,Bob,Johnson,30.0,Active,2024-11-06,97978.36,bob.johnson@example.com,(558) 099-6131,Poor,True,DevOps,Nevada
EMP1579,David,Johnson,32.5,Inactive,2023-08-17,107172.8,david.johnson@example.com,(730) 346-1561,Excellent,True,DevOps,Nevada
EMP1580,Charlie,Miller,25.0,Inactive,2020-03-18,56126.46,charlie.miller@example.com,(624) 467-0461,Poor,True,Finance,Nevada
EMP1581,Eva,Smith,30.0,Active,2021-06-13,78534.29,eva.smith@example.com,(268) 171-5159,Average,True,Cloud Tech,Illinois
EMP1582,Grace,Brown,40.0,Inactive,2023-10-10,85602.1,grace.brown@example.com,(252) 986-7075,Good,False,HR,Texas
EMP1583,Bob,Johnson,30.0,Active,2022-01-02,114963.34,bob.johnson@example.com,(604) 641-9784,Excellent,False,Cloud Tech,Nevada
EMP1584,Eva,Miller,30.0,Inactive,2022-02-20,77657.93,eva.miller@example.com,(758) 512-6860,Poor,False,Cloud Tech,California
EMP1585,Heidi,Davis,30.0,Active,2024-03-09,77369.48,heidi.davis@example.com,(205) 943-8975,Average,False,Sales,New York
EMP1586,Eva,Miller,30.0,Pending,2023-08-19,76119.14,eva.miller@example.com,(074) 017-7508,Good,False,HR,Nevada
EMP1587,Charlie,Williams,25.0,Pending,2023-05-06,77585.72,charlie.williams@example.com,(546) 540-8423,Excellent,False,Cloud Tech,Texas
EMP1588,Bob,Brown,35.0,Pending,2024-01-26,74069.62,bob.brown@example.com,(560) 754-0914,Good,False,Admin,Nevada
EMP1589,Charlie,Jones,30.0,Pending,2024-09-05,67691.92,charlie.jones@example.com,(086) 321-8121,Average,True,Admin,New York
EMP1590,Alice,Smith,35.0,Pending,2020-05-29,70345.69,alice.smith@example.com,(764) 579-3896,Excellent,True,Finance,Nevada
EMP1591,Bob,Garcia,30.0,Inactive,2021-11-08,74999.69,bob.garcia@example.com,(015) 502-9167,Good,True,DevOps,Illinois
EMP1592,David,Jones,25.0,Active,2021-01-31,72245.02,david.jones@example.com,(154) 660-2415,Poor,True,HR,Illinois
EMP1593,Eva,Brown,30.0,Pending,2022-01-16,106538.98,eva.brown@example.com,(139) 449-8829,Excellent,False,Admin,Illinois
EMP1594,Charlie,Brown,25.0,Active,2023-12-29,101787.14,charlie.brown@example.com,(597) 364-2479,Good,False,HR,New York
EMP1595,Frank,Brown,30.0,Inactive,2024-12-02,83596.78,frank.brown@example.com,(962) 440-6305,Average,False,DevOps,Nevada
EMP1596,Eva,Jones,40.0,Active,2023-08-15,92463.94,eva.jones@example.com,(244) 795-1329,Average,True,Sales,Texas
EMP1597,Charlie,Davis,30.0,Pending,2024-12-20,93863.32,charlie.davis@example.com,(531) 949-7968,Excellent,False,Admin,California
EMP1598,Alice,Brown,32.5,Pending,2023-03-31,78359.41,alice.brown@example.com,(586) 780-5554,Good,False,DevOps,Texas
EMP1599,Alice,Miller,30.0,Pending,2022-08-24,95773.57,alice.miller@example.com,(727) 738-2645,Excellent,False,HR,Illinois
EMP1600,Grace,Jones,30.0,Inactive,2020-10-01,82529.08,grace.jones@example.com,(091) 785-1384,Excellent,True,Sales,Nevada
EMP1601,Grace,Garcia,35.0,Pending,2021-05-04,109358.73,grace.garcia@example.com,(445) 770-2991,Good,False,Sales,Texas
EMP1602,Charlie,Brown,30.0,Active,2021-01-01,89645.01,charlie.brown@example.com,(959) 660-4872,Good,True,Admin,Florida
EMP1603,Charlie,Miller,40.0,Active,2024-04-08,84134.95,charlie.miller@example.com,(682) 691-1632,Poor,True,HR,Texas
EMP1604,Frank,Davis,30.0,Active,2022-11-26,113540.83,frank.davis@example.com,(194) 226-8652,Good,True,Cloud Tech,Nevada
EMP1605,Heidi,Williams,40.0,Pending,2021-10-25,57225.75,heidi.williams@example.com,(694) 551-5887,Average,True,Cloud Tech,Texas
EMP1606,Eva,Davis,35.0,Pending,2020-12-22,76366.17,eva.davis@example.com,(636) 774-7225,Excellent,False,Sales,Illinois
EMP1607,Bob,Garcia,30.0,Active,2022-11-23,78408.95,bob.garcia@example.com,(408) 572-1695,Excellent,True,HR,Florida
EMP1608,Frank,Brown,40.0,Active,2022-10-24,111742.4,frank.brown@example.com,(663) 093-2997,Average,True,Finance,Illinois
EMP1609,David,Garcia,25.0,Inactive,2021-03-09,60516.83,david.garcia@example.com,(199) 605-9328,Good,False,Sales,Nevada
EMP1610,Bob,Jones,30.0,Pending,2020-08-20,83706.17,bob.jones@example.com,(715) 096-8831,Average,False,Finance,California
EMP1611,David,Johnson,30.0,Inactive,2020-02-15,67056.92,david.johnson@example.com,(753) 273-5240,Average,True,Admin,Nevada
EMP1612,Charlie,Brown,30.0,Active,2024-12-29,90058.85,charlie.brown@example.com,(039) 773-9731,Poor,False,DevOps,Illinois
EMP1613,Eva,Johnson,30.0,Pending,2023-02-28,94633.59,eva.johnson@example.com,(781) 952-3709,Average,True,Sales,Florida
EMP1614,Eva,Miller,25.0,Pending,2022-08-23,110711.17,eva.miller@example.com,(068) 761-6480,Excellent,True,Admin,Florida
EMP1615,Grace,Williams,30.0,Active,2023-06-30,96175.41,grace.williams@example.com,(980) 770-4604,Average,True,Admin,Illinois
EMP1616,Frank,Smith,40.0,Active,2021-04-15,76474.79,frank.smith@example.com,(687) 611-2490,Excellent,True,Sales,Illinois
EMP1617,Alice,Garcia,30.0,Pending,2022-05-09,107855.99,alice.garcia@example.com,(256) 523-7340,Excellent,False,Sales,Illinois
EMP1618,Charlie,Davis,40.0,Active,2024-12-02,104870.78,charlie.davis@example.com,(517) 734-5474,Excellent,True,Sales,Illinois
EMP1619,Bob,Williams,25.0,Active,2023-05-20,94010.395,bob.williams@example.com,(749) 490-2283,Good,False,Finance,Nevada
EMP1620,Grace,Brown,35.0,Active,2023-11-29,87087.16,grace.brown@example.com,(035) 954-4293,Poor,False,Finance,California
EMP1621,Heidi,Johnson,40.0,Pending,2024-04-08,108603.34,heidi.johnson@example.com,(774) 222-9463,Excellent,False,HR,Illinois
EMP1622,Grace,Davis,30.0,Active,2024-10-25,55867.23,grace.davis@example.com,(303) 942-9044,Excellent,False,HR,Florida
EMP1623,Grace,Johnson,35.0,Pending,2024-03-02,105259.57,grace.johnson@example.com,(886) 792-5297,Good,True,Admin,Texas
EMP1624,Bob,Jones,30.0,Pending,2021-02-24,98143.67,bob.jones@example.com,(585) 672-8726,Excellent,False,Cloud Tech,Florida
EMP1625,Frank,Johnson,25.0,Pending,2023-04-13,67754.29,frank.johnson@example.com,(601) 534-3323,Average,True,Admin,Florida
EMP1626,Grace,Jones,30.0,Inactive,2023-10-25,77821.79,grace.jones@example.com,(913) 577-9082,Average,False,HR,Illinois
EMP1627,Heidi,Miller,30.0,Pending,2022-09-17,67764.44,heidi.miller@example.com,(350) 615-8147,Poor,False,HR,Illinois
EMP1628,Frank,Davis,40.0,Pending,2020-08-31,102346.99,frank.davis@example.com,(881) 079-8333,Excellent,True,DevOps,New York
EMP1629,Charlie,Davis,25.0,Inactive,2024-05-28,73690.65,charlie.davis@example.com,(233) 720-9483,Good,True,Admin,Illinois
EMP1630,Alice,Smith,30.0,Active,2024-07-05,56376.2,alice.smith@example.com,(131) 284-0332,Average,True,Finance,Nevada
EMP1631,Grace,Brown,25.0,Active,2022-01-29,55602.78,grace.brown@example.com,(997) 718-0512,Good,False,Cloud Tech,California
EMP1632,Grace,Jones,40.0,Pending,2021-08-09,99812.41,grace.jones@example.com,(717) 173-1892,Good,False,Sales,Nevada
EMP1633,Charlie,Smith,40.0,Active,2024-10-07,95981.9,charlie.smith@example.com,(974) 909-6172,Average,True,Finance,Texas
EMP1634,Eva,Johnson,30.0,Pending,2022-11-22,98891.48,eva.johnson@example.com,(997) 046-9471,Good,True,Cloud Tech,Illinois
EMP1635,Alice,Johnson,35.0,Active,2020-11-18,56079.0,alice.johnson@example.com,(587) 844-4834,Average,True,Admin,Nevada
EMP1636,Grace,Smith,35.0,Inactive,2023-04-15,82318.89,grace.smith@example.com,(488) 471-2704,Good,True,DevOps,Florida
EMP1637,Bob,Davis,25.0,Pending,2024-08-26,89137.97,bob.davis@example.com,(877) 221-6416,Average,False,Sales,California
EMP1638,Frank,Johnson,35.0,Active,2022-07-20,115079.97,frank.johnson@example.com,(582) 313-3483,Excellent,True,Admin,Illinois
EMP1639,Eva,Garcia,30.0,Active,2023-02-18,55067.02,eva.garcia@example.com,(587) 149-3924,Poor,True,Finance,Illinois
EMP1640,Bob,Miller,30.0,Pending,2021-05-27,98593.43,bob.miller@example.com,(236) 229-2586,Average,True,HR,Illinois
EMP1641,Heidi,Miller,30.0,Pending,2022-08-01,112756.67,heidi.miller@example.com,(964) 347-4523,Average,True,HR,Florida
EMP1642,Heidi,Garcia,25.0,Inactive,2023-07-21,105205.92,heidi.garcia@example.com,(555) 746-9659,Poor,False,HR,Texas
EMP1643,David,Smith,35.0,Pending,2023-01-02,50680.62,david.smith@example.com,(606) 527-4032,Average,True,Finance,California
EMP1644,David,Garcia,35.0,Pending,2024-03-13,107475.23,david.garcia@example.com,(445) 056-6587,Average,False,Cloud Tech,Florida
EMP1645,Charlie,Jones,40.0,Active,2023-03-20,68835.3,charlie.jones@example.com,(339) 874-1131,Good,True,HR,California
EMP1646,David,Jones,40.0,Active,2024-02-15,66943.96,david.jones@example.com,(579) 706-7348,Poor,True,DevOps,New York
EMP1647,David,Smith,30.0,Inactive,2020-11-15,104525.69,david.smith@example.com,(960) 105-4856,Excellent,False,Admin,Illinois
EMP1648,Bob,Garcia,40.0,Pending,2020-03-27,109360.74,bob.garcia@example.com,(417) 215-6228,Average,True,Sales,Texas
EMP1649,Frank,Jones,40.0,Inactive,2021-01-09,118907.63,frank.jones@example.com,(493) 817-3597,Poor,False,Sales,California
EMP1650,Eva,Davis,40.0,Active,2020-04-20,86801.48,eva.davis@example.com,(488) 402-1556,Good,False,Admin,Illinois
EMP1651,Alice,Garcia,30.0,Pending,2024-05-08,62236.03,alice.garcia@example.com,(325) 737-5533,Excellent,True,HR,Florida
EMP1652,Heidi,Davis,35.0,Active,2023-10-12,64752.67,heidi.davis@example.com,(490) 216-6669,Poor,False,DevOps,Texas
EMP1653,Frank,Jones,35.0,Active,2023-01-28,68399.43,frank.jones@example.com,(808) 509-6084,Excellent,False,Sales,California
EMP1654,Frank,Miller,35.0,Inactive,2021-03-07,79336.51,frank.miller@example.com,(874) 951-1917,Excellent,False,Admin,Florida
EMP1655,Frank,Jones,40.0,Active,2023-03-16,59179.74,frank.jones@example.com,(182) 819-7930,Excellent,False,HR,Florida
EMP1656,David,Davis,25.0,Active,2023-02-11,80255.31,david.davis@example.com,(647) 725-1294,Average,False,DevOps,California
EMP1657,Charlie,Williams,30.0,Active,2022-05-13,84971.85,charlie.williams@example.com,(786) 069-4095,Average,False,Finance,Texas
EMP1658,Frank,Brown,40.0,Pending,2024-10-24,89748.42,frank.brown@example.com,(003) 562-4394,Good,False,HR,California
EMP1659,Charlie,Johnson,25.0,Inactive,2024-09-14,94090.35,charlie.johnson@example.com,(873) 959-2322,Good,False,Admin,California
EMP1660,Frank,Garcia,35.0,Pending,2023-02-15,115229.12,frank.garcia@example.com,(421) 089-0284,Poor,True,HR,California
EMP1661,Alice,Williams,40.0,Pending,2023-05-25,63927.07,alice.williams@example.com,(155) 333-4263,Good,True,Cloud Tech,California
EMP1662,Charlie,Jones,35.0,Pending,2022-11-11,84124.56,charlie.jones@example.com,(335) 027-1606,Excellent,False,HR,California
EMP1663,Bob,Miller,40.0,Inactive,2023-07-17,116961.61,bob.miller@example.com,(360) 776-3368,Excellent,True,Sales,California
EMP1664,Frank,Smith,40.0,Pending,2022-04-08,109423.05,frank.smith@example.com,(112) 898-1230,Average,False,DevOps,Illinois
EMP1665,Charlie,Jones,35.0,Inactive,2023-08-30,70394.94,charlie.jones@example.com,(795) 563-3184,Excellent,False,Admin,California
EMP1666,Grace,Miller,35.0,Pending,2023-04-17,86465.5,grace.miller@example.com,(748) 170-0665,Poor,True,Finance,California
EMP1667,Charlie,Brown,30.0,Pending,2021-04-25,96341.58,charlie.brown@example.com,(155) 416-4315,Excellent,False,Cloud Tech,New York
EMP1668,Bob,Jones,30.0,Active,2020-07-14,54465.47,bob.jones@example.com,(704) 502-3289,Excellent,False,Admin,Florida
EMP1669,Alice,Davis,25.0,Active,2020-07-31,68371.66,alice.davis@example.com,(282) 270-0933,Poor,False,Finance,Illinois
EMP1670,Grace,Smith,35.0,Pending,2021-08-04,81021.23,grace.smith@example.com,(596) 262-2821,Good,False,Admin,New York
EMP1671,Charlie,Miller,25.0,Inactive,2024-10-28,114069.07,charlie.miller@example.com,(512) 073-4653,Good,True,Cloud Tech,Nevada
EMP1672,Heidi,Miller,30.0,Inactive,2020-10-03,117867.96,heidi.miller@example.com,(950) 050-7025,Poor,False,HR,Illinois
EMP1673,Charlie,Miller,30.0,Pending,2024-03-13,94509.58,charlie.miller@example.com,(086) 982-2104,Average,False,Sales,Florida
EMP1674,Eva,Brown,35.0,Active,2024-07-06,56268.78,eva.brown@example.com,(316) 117-7686,Excellent,False,Finance,Illinois
EMP1675,Grace,Jones,35.0,Active,2020-01-01,86632.14,grace.jones@example.com,(290) 477-4257,Poor,True,Admin,California
EMP1676,Charlie,Brown,35.0,Pending,2020-01-18,98143.9,charlie.brown@example.com,(591) 779-3237,Excellent,False,HR,Florida
EMP1677,Heidi,Garcia,35.0,Inactive,2023-05-07,86618.37,heidi.garcia@example.com,(223) 116-4912,Average,True,Cloud Tech,Florida
EMP1678,Frank,Johnson,30.0,Inactive,2022-03-19,67492.73,frank.johnson@example.com,(342) 457-9888,Excellent,True,Finance,Illinois
EMP1679,Grace,Johnson,40.0,Active,2022-05-14,93772.61,grace.johnson@example.com,(425) 652-9059,Poor,False,Admin,California
EMP1680,Eva,Garcia,35.0,Pending,2024-07-14,68817.54,eva.garcia@example.com,(320) 203-2649,Excellent,False,DevOps,Nevada
EMP1681,Bob,Jones,30.0,Active,2023-07-28,81874.01,bob.jones@example.com,(977) 539-6736,Good,True,Admin,California
EMP1682,Heidi,Davis,30.0,Active,2020-04-11,117880.14,heidi.davis@example.com,(948) 714-8551,Average,False,HR,Texas
EMP1683,Bob,Brown,35.0,Pending,2022-06-16,100897.49,bob.brown@example.com,(457) 871-5840,Average,True,HR,New York
EMP1684,Charlie,Smith,25.0,Inactive,2022-05-10,71810.37,charlie.smith@example.com,(560) 821-3710,Average,True,Finance,New York
EMP1685,Frank,Miller,40.0,Inactive,2020-06-13,109048.24,frank.miller@example.com,(842) 547-6817,Poor,False,DevOps,Texas
EMP1686,Alice,Miller,35.0,Pending,2022-08-20,62712.26,alice.miller@example.com,(268) 323-0357,Average,False,Finance,Texas
EMP1687,Eva,Jones,40.0,Pending,2021-05-24,76935.85,eva.jones@example.com,(929) 880-8582,Good,True,Cloud Tech,Texas
EMP1688,David,Davis,25.0,Pending,2024-04-27,56577.22,david.davis@example.com,(825) 212-9327,Poor,True,Admin,Florida
EMP1689,David,Johnson,40.0,Inactive,2021-10-23,61102.8,david.johnson@example.com,(963) 406-4685,Good,True,Finance,Nevada
EMP1690,Bob,Johnson,35.0,Inactive,2021-02-10,75229.87,bob.johnson@example.com,(775) 240-1483,Excellent,True,Finance,Nevada
EMP1691,David,Miller,25.0,Inactive,2021-10-26,51054.74,david.miller@example.com,(399) 106-2271,Excellent,False,Admin,Nevada
EMP1692,Bob,Jones,40.0,Active,2023-04-05,104843.27,bob.jones@example.com,(362) 669-3350,Excellent,False,Admin,Texas
EMP1693,Charlie,Brown,35.0,Active,2022-10-20,56398.11,charlie.brown@example.com,(342) 619-2371,Excellent,False,Cloud Tech,New York
EMP1694,Alice,Johnson,25.0,Active,2023-12-07,87544.73,alice.johnson@example.com,(450) 184-8196,Good,False,HR,Nevada
EMP1695,Heidi,Brown,30.0,Pending,2024-03-29,74312.24,heidi.brown@example.com,(374) 189-7214,Poor,False,HR,Illinois
EMP1696,David,Davis,25.0,Inactive,2024-01-23,59431.25,david.davis@example.com,(406) 417-6926,Poor,True,DevOps,Florida
EMP1697,Heidi,Johnson,40.0,Pending,2023-11-28,84306.44,heidi.johnson@example.com,(438) 119-9536,Average,False,Sales,California
EMP1698,Frank,Johnson,35.0,Inactive,2024-11-11,108194.47,frank.johnson@example.com,(660) 144-4855,Good,False,DevOps,Florida
EMP1699,Charlie,Williams,25.0,Inactive,2021-08-28,107359.3,charlie.williams@example.com,(451) 017-3972,Excellent,False,Sales,New York
EMP1700,Heidi,Johnson,25.0,Inactive,2024-02-11,82318.89,heidi.johnson@example.com,(964) 178-9968,Good,False,DevOps,Illinois
EMP1701,Frank,Garcia,30.0,Pending,2020-05-09,96080.26,frank.garcia@example.com,(860) 919-1910,Average,False,Admin,California
EMP1702,Grace,Smith,30.0,Inactive,2024-04-17,88602.75,grace.smith@example.com,(359) 966-0576,Average,True,Sales,Nevada
EMP1703,Frank,Garcia,40.0,Active,2020-07-16,86624.04,frank.garcia@example.com,(980) 660-3919,Good,True,DevOps,California
EMP1704,Charlie,Jones,30.0,Active,2022-09-21,63413.16,charlie.jones@example.com,(514) 607-4554,Good,True,Cloud Tech,New York
EMP1705,Grace,Jones,40.0,Pending,2023-04-23,67915.7,grace.jones@example.com,(347) 057-4237,Good,False,Sales,Illinois
EMP1706,Bob,Brown,25.0,Inactive,2024-12-27,108245.44,bob.brown@example.com,(856) 527-1558,Poor,True,Admin,Nevada
EMP1707,Alice,Garcia,35.0,Inactive,2024-08-10,75834.81,alice.garcia@example.com,(835) 411-6596,Excellent,True,Sales,Nevada
EMP1708,Eva,Garcia,30.0,Active,2024-09-04,71273.32,eva.garcia@example.com,(263) 475-5751,Good,False,Cloud Tech,Nevada
EMP1709,Bob,Garcia,25.0,Pending,2022-02-28,63262.23,bob.garcia@example.com,(250) 139-4883,Good,False,DevOps,New York
EMP1710,David,Davis,32.5,Pending,2024-03-14,89069.91,david.davis@example.com,(882) 691-3118,Good,False,DevOps,New York
EMP1711,Frank,Johnson,40.0,Inactive,2024-12-13,57287.17,frank.johnson@example.com,(642) 585-6260,Average,True,DevOps,Nevada
EMP1712,Grace,Smith,30.0,Active,2022-12-29,119890.35,grace.smith@example.com,(499) 153-7037,Average,True,HR,Nevada
EMP1713,Frank,Brown,35.0,Inactive,2022-04-24,103492.91,frank.brown@example.com,(240) 733-3372,Poor,False,Sales,California
EMP1714,Frank,Garcia,30.0,Pending,2021-03-14,76254.42,frank.garcia@example.com,(204) 309-7767,Excellent,False,Admin,Illinois
EMP1715,Eva,Garcia,35.0,Inactive,2020-01-01,100841.93,eva.garcia@example.com,(893) 628-9695,Poor,True,Finance,Florida
EMP1716,Alice,Williams,30.0,Active,2021-09-07,118907.61,alice.williams@example.com,(454) 655-3584,Excellent,True,Admin,California
EMP1717,Frank,Brown,25.0,Pending,2022-11-13,88942.62,frank.brown@example.com,(125) 389-2186,Average,False,DevOps,California
EMP1718,Charlie,Garcia,25.0,Inactive,2020-11-15,59688.57,charlie.garcia@example.com,(851) 935-8373,Average,False,Cloud Tech,Florida
EMP1719,David,Brown,30.0,Active,2023-03-14,77985.88,david.brown@example.com,(907) 977-9611,Average,True,HR,California
EMP1720,Bob,Johnson,35.0,Inactive,2024-08-18,112931.69,bob.johnson@example.com,(087) 805-7214,Poor,False,Finance,New York
EMP1721,Bob,Williams,32.5,Active,2024-02-05,106583.88,bob.williams@example.com,(149) 409-7625,Good,True,DevOps,California
EMP1722,Alice,Brown,35.0,Inactive,2024-11-12,58437.84,alice.brown@example.com,(374) 845-3985,Good,True,HR,Florida
EMP1723,Alice,Smith,40.0,Pending,2020-03-25,72352.16,alice.smith@example.com,(289) 509-0590,Average,True,Cloud Tech,California
EMP1724,Frank,Smith,32.5,Active,2020-04-13,97154.47,frank.smith@example.com,(191) 862-3391,Good,True,DevOps,New York
EMP1725,Heidi,Jones,30.0,Active,2021-03-30,80235.5,heidi.jones@example.com,(207) 151-1695,Good,False,Sales,Illinois
EMP1726,Charlie,Williams,30.0,Inactive,2023-03-16,102172.05,charlie.williams@example.com,(667) 252-1451,Poor,False,HR,Texas
EMP1727,Eva,Williams,25.0,Inactive,2024-05-03,98850.94,eva.williams@example.com,(647) 124-6334,Excellent,True,Finance,Illinois
EMP1728,Heidi,Jones,30.0,Inactive,2023-08-28,89993.15,heidi.jones@example.com,(157) 184-0907,Average,True,Admin,Florida
EMP1729,David,Brown,30.0,Inactive,2021-10-24,97931.66,david.brown@example.com,(051) 208-0055,Average,True,Cloud Tech,California
EMP1730,Bob,Williams,40.0,Inactive,2021-01-25,72451.69,bob.williams@example.com,(409) 951-2396,Poor,True,Finance,California
EMP1731,Alice,Smith,35.0,Pending,2024-08-09,119311.14,alice.smith@example.com,(283) 512-9591,Poor,True,Admin,California
EMP1732,Charlie,Smith,40.0,Active,2023-11-04,76167.46,charlie.smith@example.com,(728) 270-9080,Good,False,Cloud Tech,New York
EMP1733,Bob,Garcia,25.0,Active,2023-06-25,114871.08,bob.garcia@example.com,(441) 529-8216,Average,False,DevOps,Texas
EMP1734,Eva,Johnson,25.0,Active,2021-09-16,81504.31,eva.johnson@example.com,(392) 957-8670,Excellent,False,HR,Nevada
EMP1735,David,Williams,30.0,Pending,2022-12-07,102524.86,david.williams@example.com,(815) 352-3735,Poor,False,Admin,New York
EMP1736,Charlie,Brown,25.0,Pending,2022-12-14,53043.74,charlie.brown@example.com,(050) 791-8157,Excellent,True,Finance,Illinois
EMP1737,Eva,Jones,30.0,Inactive,2020-04-18,82547.26,eva.jones@example.com,(998) 868-3451,Excellent,True,DevOps,Illinois
EMP1738,Bob,Jones,40.0,Pending,2024-10-11,113900.81,bob.jones@example.com,(734) 666-6169,Average,True,DevOps,California
EMP1739,Bob,Brown,25.0,Inactive,2021-04-18,118585.5,bob.brown@example.com,(715) 879-6473,Average,True,HR,Nevada
EMP1740,Bob,Davis,35.0,Pending,2020-06-29,63049.22,bob.davis@example.com,(080) 314-9981,Poor,True,Finance,Illinois
EMP1741,Heidi,Miller,32.5,Active,2021-05-21,114558.91,heidi.miller@example.com,(508) 004-6357,Average,False,DevOps,Texas
EMP1742,Heidi,Johnson,40.0,Active,2021-12-11,97901.79,heidi.johnson@example.com,(068) 828-5030,Average,True,DevOps,New York
EMP1743,Eva,Jones,30.0,Active,2023-07-05,68037.56,eva.jones@example.com,(723) 513-7398,Average,False,Sales,California
EMP1744,Alice,Williams,30.0,Active,2021-11-30,112802.27,alice.williams@example.com,(006) 314-0351,Excellent,False,HR,New York
EMP1745,Bob,Johnson,40.0,Pending,2024-11-22,93786.72,bob.johnson@example.com,(635) 602-2938,Poor,False,Sales,Nevada
EMP1746,David,Williams,30.0,Inactive,2023-05-24,73049.93,david.williams@example.com,(469) 434-6065,Good,False,Admin,Florida
EMP1747,David,Davis,30.0,Pending,2024-06-26,64161.72,david.davis@example.com,(643) 749-0606,Excellent,True,Sales,Illinois
EMP1748,Charlie,Smith,40.0,Pending,2020-11-19,72224.73,charlie.smith@example.com,(231) 112-7127,Average,False,Admin,Nevada
EMP1749,Bob,Johnson,30.0,Pending,2020-03-01,103580.45,bob.johnson@example.com,(524) 648-4493,Excellent,False,HR,New York
EMP1750,Grace,Garcia,40.0,Pending,2024-08-09,112589.11,grace.garcia@example.com,(116) 318-7327,Average,False,HR,Florida
EMP1751,Eva,Jones,30.0,Active,2021-01-13,51833.88,eva.jones@example.com,(077) 113-0620,Average,True,Admin,Texas
EMP1752,Eva,Johnson,30.0,Active,2023-05-06,66252.78,eva.johnson@example.com,(136) 957-2789,Excellent,True,Sales,Illinois
EMP1753,Frank,Johnson,25.0,Active,2022-10-25,109229.68,frank.johnson@example.com,(833) 509-0253,Poor,True,DevOps,Florida
EMP1754,Frank,Johnson,30.0,Inactive,2020-10-08,61465.05,frank.johnson@example.com,(257) 306-6247,Average,False,Finance,Florida
EMP1755,Grace,Miller,25.0,Active,2024-02-29,96993.74,grace.miller@example.com,(132) 357-0712,Poor,False,HR,Florida
EMP1756,David,Johnson,25.0,Pending,2022-09-30,98150.39,david.johnson@example.com,(984) 822-8500,Good,True,Admin,Florida
EMP1757,David,Williams,40.0,Pending,2024-02-14,107703.0,david.williams@example.com,(168) 809-2549,Average,False,Finance,Texas
EMP1758,Grace,Smith,32.5,Pending,2023-01-03,86766.14,grace.smith@example.com,(213) 060-9068,Poor,True,DevOps,Illinois
EMP1759,Alice,Davis,30.0,Inactive,2024-08-20,111443.69,alice.davis@example.com,(130) 981-0795,Poor,True,Cloud Tech,Florida
EMP1760,David,Brown,30.0,Pending,2020-03-21,89039.07,david.brown@example.com,(496) 737-9456,Good,False,Sales,Florida
EMP1761,Alice,Johnson,30.0,Inactive,2024-12-16,71318.79,alice.johnson@example.com,(727) 853-2425,Poor,False,HR,Florida
EMP1762,Heidi,Jones,30.0,Pending,2020-04-21,98296.71,heidi.jones@example.com,(425) 064-2075,Poor,False,Finance,California
EMP1763,Heidi,Johnson,40.0,Pending,2020-08-19,62584.0,heidi.johnson@example.com,(836) 253-6666,Good,False,Cloud Tech,Nevada
EMP1764,Charlie,Jones,40.0,Inactive,2020-02-21,62521.5,charlie.jones@example.com,(776) 755-5627,Average,True,Finance,California
EMP1765,David,Williams,40.0,Inactive,2023-11-17,95400.35,david.williams@example.com,(333) 393-9577,Poor,True,Cloud Tech,California
EMP1766,Charlie,Jones,25.0,Pending,2022-07-09,94385.07,charlie.jones@example.com,(654) 362-7186,Poor,True,Cloud Tech,Texas
EMP1767,Grace,Garcia,30.0,Inactive,2023-02-01,76642.49,grace.garcia@example.com,(496) 033-5825,Poor,True,Sales,New York
EMP1768,Frank,Brown,32.5,Active,2024-11-14,60122.52,frank.brown@example.com,(862) 703-6923,Excellent,True,DevOps,New York
EMP1769,Alice,Smith,40.0,Pending,2024-04-23,117267.63,alice.smith@example.com,(926) 932-6572,Good,False,HR,California
EMP1770,Charlie,Jones,25.0,Active,2023-06-29,90499.16,charlie.jones@example.com,(275) 998-0110,Excellent,True,Admin,New York
EMP1771,Heidi,Jones,40.0,Pending,2024-12-12,84542.68,heidi.jones@example.com,(000) 515-5322,Good,True,Sales,Texas
EMP1772,Heidi,Smith,40.0,Active,2023-05-16,92007.15,heidi.smith@example.com,(415) 959-7751,Average,True,Finance,Florida
EMP1773,Eva,Brown,32.5,Active,2020-04-10,62938.8,eva.brown@example.com,(441) 822-2617,Average,False,DevOps,Illinois
EMP1774,Frank,Johnson,25.0,Pending,2023-03-29,108661.01,frank.johnson@example.com,(962) 887-4311,Poor,False,Admin,Texas
EMP1775,Bob,Jones,25.0,Active,2020-11-26,97046.33,bob.jones@example.com,(710) 267-6719,Good,False,Cloud Tech,Florida
EMP1776,Charlie,Smith,40.0,Inactive,2020-03-14,56518.84,charlie.smith@example.com,(957) 992-7078,Average,False,DevOps,Illinois
EMP1777,Frank,Garcia,40.0,Pending,2020-05-12,70498.29,frank.garcia@example.com,(551) 512-2945,Good,True,Cloud Tech,Florida
EMP1778,Eva,Garcia,35.0,Pending,2021-03-05,98708.06,eva.garcia@example.com,(213) 541-5969,Average,True,Sales,Florida
EMP1779,Bob,Williams,32.5,Pending,2020-06-28,83856.41,bob.williams@example.com,(996) 254-3847,Excellent,False,DevOps,Nevada
EMP1780,Eva,Smith,40.0,Inactive,2022-12-12,90259.99,eva.smith@example.com,(075) 203-4475,Average,False,Sales,California
EMP1781,Charlie,Williams,30.0,Pending,2024-02-02,94230.03,charlie.williams@example.com,(504) 715-8028,Excellent,True,Sales,Florida
EMP1782,Charlie,Garcia,30.0,Inactive,2021-01-31,50110.66,charlie.garcia@example.com,(090) 463-7659,Average,True,Admin,Nevada
EMP1783,Bob,Brown,30.0,Inactive,2020-04-03,73365.46,bob.brown@example.com,(465) 586-6524,Poor,False,Sales,Florida
EMP1784,David,Johnson,25.0,Pending,2021-07-30,67809.23,david.johnson@example.com,(483) 744-1714,Excellent,False,DevOps,New York
EMP1785,Eva,Smith,30.0,Active,2020-08-21,98008.51,eva.smith@example.com,(810) 213-1250,Average,False,Sales,California
EMP1786,Alice,Davis,30.0,Inactive,2023-10-09,83537.58,alice.davis@example.com,(293) 110-0590,Poor,False,Admin,California
EMP1787,Alice,Garcia,30.0,Pending,2022-08-01,112444.08,alice.garcia@example.com,(297) 519-1022,Excellent,True,Finance,New York
EMP1788,Frank,Garcia,40.0,Active,2024-09-06,86475.13,frank.garcia@example.com,(121) 106-3300,Poor,True,Finance,Nevada
EMP1789,Frank,Davis,30.0,Active,2023-03-28,97984.53,frank.davis@example.com,(658) 373-7926,Good,True,Sales,Texas
EMP1790,Frank,Miller,25.0,Active,2021-11-25,118853.31,frank.miller@example.com,(490) 728-0122,Good,False,Admin,California
EMP1791,Charlie,Garcia,30.0,Active,2023-05-03,58179.12,charlie.garcia@example.com,(428) 931-1324,Excellent,False,Sales,Florida
EMP1792,Eva,Jones,35.0,Inactive,2022-04-27,56075.84,eva.jones@example.com,(326) 949-6842,Average,True,DevOps,Texas
EMP1793,Frank,Brown,40.0,Pending,2021-09-11,62250.89,frank.brown@example.com,(645) 380-4420,Excellent,True,HR,New York
EMP1794,Alice,Smith,30.0,Pending,2020-02-21,105931.77,alice.smith@example.com,(017) 509-6169,Poor,True,Cloud Tech,Florida
EMP1795,Charlie,Davis,30.0,Pending,2024-11-24,86653.96,charlie.davis@example.com,(159) 591-9456,Average,True,HR,Florida
EMP1796,Charlie,Jones,25.0,Active,2021-02-24,100719.94,charlie.jones@example.com,(575) 747-5832,Good,False,Sales,Nevada
EMP1797,Bob,Davis,25.0,Pending,2024-10-02,91600.13,bob.davis@example.com,(920) 567-7566,Average,True,HR,Texas
EMP1798,Heidi,Smith,25.0,Pending,2024-03-06,71873.66,heidi.smith@example.com,(772) 266-0255,Good,True,Cloud Tech,Illinois
EMP1799,Eva,Williams,30.0,Active,2021-08-09,69365.47,eva.williams@example.com,(265) 062-2922,Average,True,HR,New York
EMP1800,Heidi,Smith,25.0,Active,2021-07-14,58012.23,heidi.smith@example.com,(106) 724-5306,Average,True,HR,New York
EMP1801,Bob,Miller,30.0,Pending,2021-10-14,68973.65,bob.miller@example.com,(624) 843-3796,Average,True,Sales,California
EMP1802,Eva,Smith,30.0,Active,2021-09-29,92928.4,eva.smith@example.com,(662) 705-1156,Poor,True,Admin,New York
EMP1803,Heidi,Smith,25.0,Inactive,2023-10-15,53531.92,heidi.smith@example.com,(942) 387-3669,Poor,True,Admin,Texas
EMP1804,Bob,Miller,40.0,Pending,2023-05-05,112389.31,bob.miller@example.com,(425) 496-9191,Excellent,False,Finance,New York
EMP1805,Heidi,Brown,30.0,Inactive,2024-08-01,63870.3,heidi.brown@example.com,(845) 525-9709,Excellent,False,HR,California
EMP1806,Bob,Garcia,40.0,Active,2024-07-22,106164.53,bob.garcia@example.com,(756) 335-3573,Good,False,Sales,New York
EMP1807,Bob,Smith,40.0,Pending,2023-12-25,103654.54,bob.smith@example.com,(859) 532-5938,Poor,False,HR,Nevada
EMP1808,David,Miller,30.0,Inactive,2022-03-13,62834.72,david.miller@example.com,(933) 797-0580,Good,True,Sales,California
EMP1809,Frank,Jones,35.0,Active,2020-05-13,83273.41,frank.jones@example.com,(629) 518-7793,Excellent,False,Finance,Florida
EMP1810,Heidi,Williams,30.0,Pending,2023-03-22,58917.58,heidi.williams@example.com,(176) 342-5072,Good,False,HR,California
EMP1811,Bob,Williams,35.0,Active,2024-06-10,71148.27,bob.williams@example.com,(305) 597-8244,Excellent,True,Sales,Nevada
EMP1812,Grace,Smith,30.0,Pending,2020-11-21,118172.42,grace.smith@example.com,(759) 833-9913,Poor,True,Sales,New York
EMP1813,Frank,Brown,30.0,Inactive,2024-05-25,118614.37,frank.brown@example.com,(038) 843-6603,Average,False,DevOps,Illinois
EMP1814,Frank,Brown,32.5,Active,2023-09-19,96872.36,frank.brown@example.com,(432) 400-6156,Poor,False,DevOps,New York
EMP1815,Heidi,Jones,25.0,Inactive,2021-10-28,88856.14,heidi.jones@example.com,(276) 829-7513,Good,True,Sales,Illinois
EMP1816,Charlie,Smith,35.0,Pending,2020-08-10,97985.61,charlie.smith@example.com,(743) 974-2924,Good,False,Finance,Texas
EMP1817,Grace,Williams,35.0,Pending,2020-05-05,56337.31,grace.williams@example.com,(010) 587-5255,Poor,True,Finance,Nevada
EMP1818,Alice,Brown,30.0,Inactive,2022-12-24,70405.23,alice.brown@example.com,(806) 562-5903,Poor,True,DevOps,New York
EMP1819,Heidi,Smith,30.0,Inactive,2021-09-05,89919.35,heidi.smith@example.com,(599) 080-2710,Excellent,True,Admin,Nevada
EMP1820,Eva,Davis,40.0,Active,2023-04-08,50568.35,eva.davis@example.com,(221) 823-1554,Good,True,DevOps,California
EMP1821,Grace,Brown,30.0,Inactive,2023-01-29,85602.1,grace.brown@example.com,(165) 176-8085,Good,False,HR,Texas
EMP1822,Frank,Miller,25.0,Active,2022-06-03,99155.53,frank.miller@example.com,(628) 137-2142,Poor,True,HR,Texas
EMP1823,Frank,Davis,40.0,Inactive,2023-01-21,64785.13,frank.davis@example.com,(308) 003-7002,Average,True,Finance,Florida
EMP1824,Charlie,Garcia,30.0,Inactive,2024-09-16,79206.48,charlie.garcia@example.com,(322) 855-6607,Good,False,Sales,Florida
EMP1825,Charlie,Brown,30.0,Pending,2020-02-02,60079.71,charlie.brown@example.com,(470) 681-0389,Average,True,Cloud Tech,Texas
EMP1826,Grace,Williams,30.0,Pending,2024-07-08,79109.88,grace.williams@example.com,(339) 705-1957,Poor,False,Cloud Tech,New York
EMP1827,Grace,Johnson,30.0,Pending,2022-05-18,88643.5,grace.johnson@example.com,(263) 280-9447,Poor,False,Admin,Florida
EMP1828,Frank,Davis,30.0,Pending,2020-01-16,90455.7,frank.davis@example.com,(586) 239-4534,Excellent,False,Admin,Florida
EMP1829,David,Garcia,30.0,Pending,2023-03-26,75687.9,david.garcia@example.com,(461) 470-7985,Good,True,HR,Florida
EMP1830,Heidi,Jones,35.0,Inactive,2023-11-15,55604.42,heidi.jones@example.com,(321) 061-3393,Average,False,Cloud Tech,Illinois
EMP1831,Eva,Jones,40.0,Pending,2024-12-27,92704.94,eva.jones@example.com,(394) 570-3942,Excellent,False,Sales,Texas
EMP1832,Bob,Williams,30.0,Pending,2020-04-18,113250.97,bob.williams@example.com,(804) 032-5375,Good,True,Sales,California
EMP1833,Alice,Brown,40.0,Inactive,2023-03-21,101367.02,alice.brown@example.com,(576) 927-7893,Excellent,False,Finance,Illinois
EMP1834,Eva,Smith,35.0,Pending,2023-05-08,102459.77,eva.smith@example.com,(319) 100-9003,Poor,False,Admin,Texas
EMP1835,Eva,Brown,25.0,Pending,2020-12-12,90100.2,eva.brown@example.com,(047) 692-1052,Good,False,DevOps,Florida
EMP1836,Eva,Williams,30.0,Inactive,2020-06-17,58877.49,eva.williams@example.com,(365) 146-0400,Excellent,False,Cloud Tech,California
EMP1837,Eva,Jones,35.0,Inactive,2021-07-17,90499.16,eva.jones@example.com,(424) 731-0719,Excellent,False,Admin,Illinois
EMP1838,Bob,Brown,30.0,Pending,2020-11-05,96140.89,bob.brown@example.com,(113) 798-4408,Average,True,Admin,Illinois
EMP1839,Charlie,Jones,35.0,Inactive,2021-01-05,105956.04,charlie.jones@example.com,(712) 316-6006,Excellent,False,DevOps,New York
EMP1840,Frank,Davis,25.0,Active,2024-09-11,84716.38,frank.davis@example.com,(676) 209-0143,Good,False,Admin,Illinois
EMP1841,Grace,Garcia,30.0,Pending,2023-07-29,61709.83,grace.garcia@example.com,(734) 043-3699,Good,True,DevOps,Florida
EMP1842,Frank,Smith,25.0,Active,2020-04-17,61732.03,frank.smith@example.com,(968) 730-4518,Average,True,DevOps,California
EMP1843,Eva,Davis,40.0,Active,2022-02-16,97845.7,eva.davis@example.com,(577) 825-5881,Good,True,DevOps,Illinois
EMP1844,Eva,Jones,30.0,Active,2021-08-14,114905.58,eva.jones@example.com,(556) 296-5753,Poor,False,Sales,Florida
EMP1845,Frank,Jones,32.5,Active,2022-12-24,94619.69,frank.jones@example.com,(278) 656-1941,Good,True,DevOps,Texas
EMP1846,Grace,Johnson,32.5,Inactive,2021-07-07,68696.15,grace.johnson@example.com,(557) 782-0581,Good,False,DevOps,California
EMP1847,Grace,Johnson,40.0,Active,2024-02-12,97032.29,grace.johnson@example.com,(958) 292-3615,Excellent,False,DevOps,Nevada
EMP1848,Frank,Davis,30.0,Active,2023-10-09,50593.33,frank.davis@example.com,(188) 081-9047,Excellent,True,HR,Illinois
EMP1849,Grace,Miller,25.0,Pending,2022-07-02,74606.15,grace.miller@example.com,(235) 715-5867,Good,True,Sales,Texas
EMP1850,Eva,Davis,30.0,Pending,2020-07-07,53981.73,eva.davis@example.com,(639) 561-3722,Average,False,Cloud Tech,Texas
EMP1851,David,Johnson,32.5,Pending,2020-09-02,56047.05,david.johnson@example.com,(081) 721-4363,Excellent,True,DevOps,Texas
EMP1852,Grace,Jones,30.0,Pending,2021-01-12,67733.5,grace.jones@example.com,(381) 300-0412,Average,False,Admin,Texas
EMP1853,Bob,Williams,40.0,Pending,2023-09-29,103891.64,bob.williams@example.com,(211) 471-6559,Good,True,HR,Florida
EMP1854,Charlie,Davis,25.0,Inactive,2022-03-06,73285.83,charlie.davis@example.com,(945) 653-4698,Good,True,HR,Texas
EMP1855,Eva,Jones,30.0,Inactive,2021-02-14,92721.13,eva.jones@example.com,(799) 070-7549,Poor,True,Finance,Texas
EMP1856,Heidi,Williams,25.0,Inactive,2021-03-23,92977.64,heidi.williams@example.com,(476) 816-9956,Excellent,False,Admin,Illinois
EMP1857,Heidi,Williams,35.0,Active,2020-05-24,89994.12,heidi.williams@example.com,(060) 717-4810,Good,True,Cloud Tech,Texas
EMP1858,Heidi,Johnson,25.0,Pending,2023-08-04,50060.73,heidi.johnson@example.com,(317) 653-9704,Poor,False,Finance,New York
EMP1859,Grace,Davis,35.0,Inactive,2022-03-12,90224.82,grace.davis@example.com,(487) 396-1028,Excellent,False,Admin,Nevada
EMP1860,Heidi,Brown,40.0,Pending,2024-05-18,106859.3,heidi.brown@example.com,(087) 182-7495,Good,False,Finance,Florida
EMP1861,David,Smith,25.0,Inactive,2020-09-05,89707.07,david.smith@example.com,(804) 918-7273,Good,False,Finance,Nevada
EMP1862,Frank,Johnson,35.0,Inactive,2020-04-23,94259.08,frank.johnson@example.com,(204) 956-1212,Excellent,True,DevOps,California
EMP1863,Bob,Johnson,35.0,Active,2024-09-18,82174.75,bob.johnson@example.com,(773) 062-6041,Excellent,False,Sales,California
EMP1864,David,Brown,30.0,Inactive,2023-09-15,63370.22,david.brown@example.com,(359) 737-1121,Excellent,False,Sales,Texas
EMP1865,Bob,Smith,35.0,Pending,2022-06-15,101472.69,bob.smith@example.com,(299) 077-5607,Good,True,Finance,Texas
EMP1866,David,Jones,25.0,Active,2022-09-28,77213.73,david.jones@example.com,(581) 670-4685,Good,False,DevOps,Illinois
EMP1867,Eva,Miller,40.0,Active,2020-03-16,73749.96,eva.miller@example.com,(111) 457-6831,Poor,True,Sales,Florida
EMP1868,Alice,Davis,40.0,Pending,2023-09-28,86618.37,alice.davis@example.com,(102) 192-3784,Average,False,Cloud Tech,New York
EMP1869,Charlie,Miller,30.0,Active,2024-02-15,59911.33,charlie.miller@example.com,(847) 129-6179,Excellent,True,Admin,Texas
EMP1870,Heidi,Jones,30.0,Pending,2023-08-21,59137.64,heidi.jones@example.com,(332) 426-0507,Good,False,Cloud Tech,New York
EMP1871,Alice,Garcia,35.0,Pending,2020-12-15,108474.65,alice.garcia@example.com,(018) 498-0424,Good,True,Cloud Tech,Florida
EMP1872,Bob,Johnson,25.0,Pending,2021-03-27,54417.71,bob.johnson@example.com,(373) 377-7311,Excellent,False,Finance,Illinois
EMP1873,Frank,Smith,40.0,Pending,2023-03-25,88211.94,frank.smith@example.com,(688) 122-8216,Average,False,HR,Texas
EMP1874,David,Johnson,25.0,Inactive,2020-05-09,58452.18,david.johnson@example.com,(819) 236-5345,Excellent,True,Sales,New York
EMP1875,Grace,Williams,30.0,Pending,2020-12-03,80706.28,grace.williams@example.com,(060) 560-3566,Average,True,DevOps,California
EMP1876,Alice,Johnson,30.0,Pending,2022-02-09,84100.525,alice.johnson@example.com,(932) 798-6238,Good,True,Cloud Tech,Nevada
EMP1877,Heidi,Johnson,25.0,Active,2020-07-01,99471.89,heidi.johnson@example.com,(847) 169-0617,Average,True,Cloud Tech,Texas
EMP1878,Eva,Jones,40.0,Pending,2020-09-16,64431.22,eva.jones@example.com,(120) 546-4753,Poor,False,DevOps,Florida
EMP1879,Heidi,Jones,40.0,Pending,2023-11-17,52633.48,heidi.jones@example.com,(895) 478-7697,Good,False,Admin,New York
EMP1880,Heidi,Jones,30.0,Inactive,2021-12-13,79315.01,heidi.jones@example.com,(999) 275-1757,Poor,True,Cloud Tech,Nevada
EMP1881,David,Miller,25.0,Pending,2022-01-11,110391.17,david.miller@example.com,(891) 444-4982,Excellent,False,Sales,Texas
EMP1882,David,Williams,40.0,Active,2021-07-20,53714.83,david.williams@example.com,(553) 935-4357,Excellent,True,DevOps,Nevada
EMP1883,Charlie,Garcia,40.0,Active,2023-10-04,114587.11,charlie.garcia@example.com,(644) 963-9242,Excellent,True,Finance,New York
EMP1884,Frank,Garcia,35.0,Inactive,2021-11-15,93177.35,frank.garcia@example.com,(588) 537-9820,Average,False,Admin,Florida
EMP1885,Heidi,Jones,25.0,Active,2023-01-05,62312.13,heidi.jones@example.com,(433) 952-7535,Good,False,Cloud Tech,Nevada
EMP1886,Heidi,Smith,30.0,Active,2024-01-17,81137.46,heidi.smith@example.com,(749) 785-2490,Excellent,False,Cloud Tech,Texas
EMP1887,Grace,Miller,30.0,Inactive,2021-04-16,104528.27,grace.miller@example.com,(416) 860-1346,Excellent,False,DevOps,Nevada
EMP1888,Bob,Brown,30.0,Active,2022-02-08,112395.56,bob.brown@example.com,(789) 489-6339,Good,False,DevOps,Florida
EMP1889,Heidi,Smith,25.0,Active,2023-06-02,81849.36,heidi.smith@example.com,(679) 176-6511,Excellent,False,Finance,New York
EMP1890,Charlie,Davis,40.0,Pending,2022-01-04,118288.91,charlie.davis@example.com,(215) 001-4187,Poor,False,DevOps,New York
EMP1891,Charlie,Davis,25.0,Active,2021-07-28,59555.1,charlie.davis@example.com,(421) 630-9000,Good,True,DevOps,Illinois
EMP1892,Heidi,Smith,40.0,Active,2024-12-20,70661.31,heidi.smith@example.com,(594) 463-3398,Good,True,Admin,California
EMP1893,Charlie,Jones,30.0,Active,2022-04-23,109988.16,charlie.jones@example.com,(948) 532-0894,Good,True,Sales,New York
EMP1894,David,Brown,35.0,Inactive,2020-01-30,101101.24,david.brown@example.com,(326) 389-0218,Poor,True,Finance,Florida
EMP1895,David,Brown,30.0,Pending,2021-03-31,112427.58,david.brown@example.com,(947) 113-6336,Good,True,HR,Florida
EMP1896,Charlie,Miller,30.0,Active,2020-03-23,119389.15,charlie.miller@example.com,(922) 341-0345,Poor,False,Cloud Tech,Florida
EMP1897,Alice,Brown,40.0,Inactive,2024-07-16,105861.23,alice.brown@example.com,(996) 733-1166,Good,True,Sales,Florida
EMP1898,Heidi,Davis,40.0,Pending,2024-03-22,50869.61,heidi.davis@example.com,(726) 960-8436,Average,True,Admin,Texas
EMP1899,David,Williams,30.0,Active,2023-08-19,84821.72,david.williams@example.com,(685) 507-8966,Excellent,True,HR,California
EMP1900,Eva,Jones,30.0,Pending,2024-03-10,90856.21,eva.jones@example.com,(935) 219-6262,Average,True,DevOps,Florida
EMP1901,Heidi,Brown,30.0,Active,2024-06-05,111008.63,heidi.brown@example.com,(355) 643-4368,Excellent,True,DevOps,Florida
EMP1902,Alice,Miller,25.0,Inactive,2022-12-23,52289.99,alice.miller@example.com,(709) 317-0694,Poor,True,Finance,Nevada
EMP1903,Eva,Davis,30.0,Active,2024-06-01,97926.56,eva.davis@example.com,(560) 767-6163,Average,True,Sales,Illinois
EMP1904,Frank,Williams,25.0,Inactive,2024-12-23,53609.38,frank.williams@example.com,(534) 547-2238,Good,False,Sales,Nevada
EMP1905,Heidi,Johnson,30.0,Inactive,2020-12-24,95372.09,heidi.johnson@example.com,(898) 306-5030,Excellent,False,Cloud Tech,California
EMP1906,David,Johnson,30.0,Pending,2020-08-20,95432.69,david.johnson@example.com,(219) 804-1846,Excellent,True,HR,New York
EMP1907,David,Williams,30.0,Inactive,2022-10-28,97615.87,david.williams@example.com,(242) 642-3641,Average,False,HR,California
EMP1908,Bob,Davis,35.0,Inactive,2022-10-23,86867.78,bob.davis@example.com,(813) 190-9247,Poor,False,HR,Florida
EMP1909,Eva,Miller,40.0,Pending,2023-11-20,106615.71,eva.miller@example.com,(762) 303-9110,Average,False,Sales,California
EMP1910,Bob,Williams,30.0,Active,2022-03-11,112856.21,bob.williams@example.com,(428) 178-5227,Poor,False,Finance,Texas
EMP1911,Bob,Jones,25.0,Active,2023-11-28,60356.78,bob.jones@example.com,(230) 524-8087,Poor,True,Admin,California
EMP1912,David,Jones,32.5,Inactive,2022-05-03,117870.22,david.jones@example.com,(062) 207-2238,Excellent,False,DevOps,Texas
EMP1913,Charlie,Johnson,40.0,Inactive,2024-02-19,95127.91,charlie.johnson@example.com,(594) 737-2131,Average,False,HR,Florida
EMP1914,Bob,Brown,25.0,Pending,2021-11-18,78818.42,bob.brown@example.com,(901) 620-4786,Average,False,Admin,Illinois
EMP1915,Frank,Miller,40.0,Pending,2022-12-21,108933.55,frank.miller@example.com,(688) 687-8598,Poor,True,Sales,Nevada
EMP1916,Eva,Johnson,30.0,Active,2024-06-04,68200.52,eva.johnson@example.com,(648) 628-7202,Average,True,Admin,California
EMP1917,Eva,Brown,25.0,Inactive,2022-07-22,116934.97,eva.brown@example.com,(195) 419-6663,Good,True,Admin,California
EMP1918,Charlie,Brown,30.0,Active,2024-09-14,99567.78,charlie.brown@example.com,(505) 730-3626,Good,True,HR,New York
EMP1919,Charlie,Garcia,30.0,Active,2021-10-10,90216.76,charlie.garcia@example.com,(924) 632-0373,Average,True,Admin,Texas
EMP1920,Frank,Jones,30.0,Pending,2020-03-12,96588.73,frank.jones@example.com,(767) 753-7259,Average,True,Admin,Illinois
EMP1921,Charlie,Davis,35.0,Active,2022-12-28,71109.18,charlie.davis@example.com,(321) 450-5765,Poor,True,Finance,Illinois
EMP1922,Grace,Smith,40.0,Inactive,2020-11-15,50300.6,grace.smith@example.com,(194) 588-7070,Good,False,Admin,Florida
EMP1923,Frank,Davis,35.0,Pending,2023-09-27,60295.84,frank.davis@example.com,(553) 482-0127,Good,False,Finance,California
EMP1924,Heidi,Smith,35.0,Pending,2022-09-07,113012.21,heidi.smith@example.com,(400) 838-5075,Excellent,False,DevOps,Texas
EMP1925,Bob,Williams,35.0,Pending,2024-09-18,65425.54,bob.williams@example.com,(597) 595-4507,Poor,True,Cloud Tech,Florida
EMP1926,Frank,Jones,25.0,Active,2023-04-09,86850.37,frank.jones@example.com,(917) 768-0897,Excellent,True,Sales,Nevada
EMP1927,Eva,Brown,30.0,Pending,2024-10-05,81182.07,eva.brown@example.com,(126) 574-2230,Good,True,Cloud Tech,Texas
EMP1928,Bob,Miller,35.0,Inactive,2021-10-12,92222.03,bob.miller@example.com,(964) 630-0401,Poor,True,Finance,New York
EMP1929,Alice,Smith,35.0,Pending,2024-10-14,79934.83,alice.smith@example.com,(369) 362-6893,Average,True,Finance,New York
EMP1930,Alice,Davis,35.0,Inactive,2022-07-01,111201.12,alice.davis@example.com,(301) 204-7136,Poor,False,HR,California
EMP1931,Heidi,Brown,40.0,Active,2024-07-08,100960.05,heidi.brown@example.com,(271) 175-9573,Average,False,Finance,California
EMP1932,Grace,Smith,30.0,Active,2020-10-21,64544.87,grace.smith@example.com,(988) 558-2983,Average,True,Sales,Illinois
EMP1933,Frank,Smith,25.0,Active,2020-01-14,78662.24,frank.smith@example.com,(933) 067-4583,Poor,True,Sales,Florida
EMP1934,Grace,Garcia,30.0,Pending,2023-03-09,102867.06,grace.garcia@example.com,(760) 944-1282,Average,True,Sales,Florida
EMP1935,Charlie,Smith,40.0,Inactive,2020-03-27,107595.95,charlie.smith@example.com,(337) 218-8565,Excellent,True,HR,Illinois
EMP1936,Eva,Miller,40.0,Inactive,2021-04-04,88856.14,eva.miller@example.com,(695) 413-2970,Good,False,Sales,Nevada
EMP1937,Eva,Jones,35.0,Inactive,2020-09-11,95766.91,eva.jones@example.com,(506) 662-6704,Average,True,DevOps,Nevada
EMP1938,Grace,Miller,30.0,Pending,2021-05-16,51990.98,grace.miller@example.com,(514) 377-6935,Excellent,True,Finance,Nevada
EMP1939,Heidi,Johnson,25.0,Inactive,2023-04-05,83634.01,heidi.johnson@example.com,(634) 392-5294,Average,True,Sales,Nevada
EMP1940,Eva,Brown,40.0,Inactive,2022-11-15,82318.89,eva.brown@example.com,(961) 111-0285,Good,True,DevOps,Texas
EMP1941,Eva,Jones,30.0,Active,2021-10-16,82273.08,eva.jones@example.com,(712) 007-2023,Excellent,False,Sales,Texas
EMP1942,Frank,Garcia,30.0,Inactive,2022-05-09,94537.3,frank.garcia@example.com,(559) 102-4509,Good,True,Cloud Tech,California
EMP1943,Alice,Jones,35.0,Pending,2020-06-06,85970.65,alice.jones@example.com,(910) 903-2670,Good,True,HR,Illinois
EMP1944,Charlie,Jones,25.0,Pending,2021-10-22,111071.02,charlie.jones@example.com,(494) 981-9420,Excellent,False,Sales,New York
EMP1945,Eva,Davis,35.0,Pending,2022-01-12,56708.34,eva.davis@example.com,(794) 281-7933,Excellent,False,DevOps,Nevada
EMP1946,Charlie,Jones,25.0,Inactive,2022-02-02,104516.55,charlie.jones@example.com,(065) 277-5843,Excellent,False,Admin,Illinois
EMP1947,Charlie,Garcia,25.0,Pending,2021-03-28,108210.15,charlie.garcia@example.com,(663) 453-3721,Poor,True,Admin,New York
EMP1948,Bob,Miller,40.0,Active,2024-08-03,78105.01999999999,bob.miller@example.com,(010) 912-1721,Excellent,True,Finance,Texas
EMP1949,Frank,Jones,35.0,Active,2024-07-31,80935.65,frank.jones@example.com,(145) 593-7660,Excellent,False,DevOps,California
EMP1950,Frank,Williams,30.0,Active,2024-03-04,107020.19,frank.williams@example.com,(894) 370-5262,Excellent,False,DevOps,California
EMP1951,Charlie,Brown,30.0,Active,2020-09-23,118677.67,charlie.brown@example.com,(510) 046-2775,Excellent,False,HR,New York
EMP1952,Bob,Jones,25.0,Inactive,2020-03-28,63744.57,bob.jones@example.com,(572) 565-9201,Average,False,Cloud Tech,Florida
EMP1953,Alice,Brown,40.0,Active,2020-05-15,80493.155,alice.brown@example.com,(461) 752-0237,Poor,False,Cloud Tech,California
EMP1954,Bob,Williams,25.0,Pending,2021-02-13,62934.73,bob.williams@example.com,(974) 326-0054,Good,False,Sales,New York
EMP1955,Bob,Williams,30.0,Pending,2021-12-13,74654.23,bob.williams@example.com,(955) 017-8331,Excellent,True,DevOps,California
EMP1956,David,Brown,30.0,Active,2024-08-05,88048.545,david.brown@example.com,(584) 868-9992,Average,True,Sales,Texas
EMP1957,David,Smith,30.0,Pending,2020-01-09,118150.59,david.smith@example.com,(607) 984-8703,Average,True,HR,New York
EMP1958,David,Johnson,32.5,Inactive,2023-11-30,91256.64,david.johnson@example.com,(506) 917-6798,Average,False,DevOps,Florida
EMP1959,Bob,Davis,30.0,Inactive,2021-03-14,85997.57,bob.davis@example.com,(359) 374-4038,Good,False,HR,Florida
EMP1960,Frank,Smith,25.0,Pending,2020-10-05,84707.12,frank.smith@example.com,(464) 083-0372,Excellent,False,Finance,Texas
EMP1961,Eva,Smith,32.5,Active,2021-11-02,84559.9,eva.smith@example.com,(606) 014-8859,Poor,False,DevOps,Texas
EMP1962,Heidi,Miller,32.5,Pending,2024-09-18,81076.91,heidi.miller@example.com,(849) 079-3883,Poor,False,DevOps,California
EMP1963,Eva,Davis,40.0,Inactive,2023-10-22,78818.42,eva.davis@example.com,(136) 852-8305,Average,False,Admin,Texas
EMP1964,Heidi,Davis,25.0,Pending,2023-09-10,97356.31,heidi.davis@example.com,(153) 701-2423,Good,True,Finance,Florida
EMP1965,Grace,Smith,40.0,Active,2024-02-27,114770.32,grace.smith@example.com,(462) 632-5143,Good,True,DevOps,Illinois
EMP1966,Bob,Jones,35.0,Active,2023-05-03,109082.07,bob.jones@example.com,(881) 121-0313,Good,False,Admin,California
EMP1967,David,Miller,40.0,Inactive,2024-04-15,99944.57,david.miller@example.com,(217) 518-8780,Poor,True,DevOps,Florida
EMP1968,Eva,Miller,40.0,Pending,2023-05-20,116509.72,eva.miller@example.com,(794) 151-5262,Average,False,HR,Florida
EMP1969,Eva,Williams,30.0,Active,2021-05-28,84253.9,eva.williams@example.com,(840) 911-2251,Excellent,True,Finance,Texas
EMP1970,Charlie,Garcia,25.0,Active,2024-08-27,54776.01,charlie.garcia@example.com,(883) 750-5660,Poor,False,Cloud Tech,Nevada
EMP1971,Charlie,Davis,40.0,Inactive,2020-11-08,71192.68,charlie.davis@example.com,(863) 239-7912,Average,False,Sales,Nevada
EMP1972,Bob,Smith,35.0,Active,2021-08-24,96346.53,bob.smith@example.com,(787) 655-3006,Average,True,Finance,Florida
EMP1973,Eva,Williams,30.0,Pending,2020-02-06,116680.63,eva.williams@example.com,(309) 505-5604,Excellent,True,HR,Illinois
EMP1974,Grace,Brown,25.0,Inactive,2024-10-12,76343.56,grace.brown@example.com,(712) 198-8191,Excellent,False,Finance,Florida
EMP1975,Alice,Johnson,30.0,Inactive,2024-12-16,99424.14,alice.johnson@example.com,(778) 851-9052,Excellent,False,Sales,Nevada
EMP1976,Charlie,Garcia,35.0,Inactive,2024-04-13,57656.74,charlie.garcia@example.com,(486) 401-0423,Good,True,DevOps,Florida
EMP1977,Heidi,Garcia,40.0,Pending,2020-04-24,77396.94,heidi.garcia@example.com,(624) 561-8516,Excellent,True,Sales,New York
EMP1978,Grace,Garcia,32.5,Inactive,2021-10-18,54299.68,grace.garcia@example.com,(446) 004-5211,Average,False,DevOps,California
EMP1979,Charlie,Miller,35.0,Pending,2020-02-25,103563.58,charlie.miller@example.com,(899) 151-1454,Excellent,True,HR,Nevada
EMP1980,Grace,Brown,25.0,Inactive,2022-04-23,74588.85,grace.brown@example.com,(129) 391-3043,Average,False,Finance,California
EMP1981,David,Garcia,30.0,Pending,2020-06-22,113727.23,david.garcia@example.com,(881) 898-4840,Poor,False,DevOps,California
EMP1982,Eva,Brown,25.0,Active,2023-01-07,72828.18,eva.brown@example.com,(604) 615-4020,Good,False,HR,New York
EMP1983,Grace,Jones,30.0,Inactive,2020-02-11,98717.09,grace.jones@example.com,(190) 170-7567,Poor,False,Sales,Florida
EMP1984,Frank,Garcia,40.0,Inactive,2023-03-18,56840.8,frank.garcia@example.com,(142) 983-1521,Poor,True,Sales,Florida
EMP1985,David,Johnson,35.0,Pending,2021-11-26,61663.91,david.johnson@example.com,(910) 732-2835,Average,True,Finance,Illinois
EMP1986,Grace,Brown,30.0,Active,2024-09-17,109523.4,grace.brown@example.com,(084) 937-8305,Poor,True,Finance,Nevada
EMP1987,Eva,Brown,25.0,Inactive,2024-07-05,65812.02,eva.brown@example.com,(396) 384-5268,Average,True,HR,Illinois
EMP1988,Bob,Johnson,30.0,Inactive,2021-07-13,54708.88,bob.johnson@example.com,(694) 439-1648,Excellent,True,Cloud Tech,Illinois
EMP1989,Heidi,Garcia,40.0,Active,2023-08-27,107661.73,heidi.garcia@example.com,(701) 693-4291,Excellent,True,Admin,California
EMP1990,Eva,Johnson,40.0,Inactive,2021-02-13,79002.0,eva.johnson@example.com,(913) 203-3015,Average,True,DevOps,Illinois
EMP1991,Heidi,Brown,30.0,Pending,2023-12-11,86135.69,heidi.brown@example.com,(234) 190-3105,Excellent,False,Admin,Texas
EMP1992,Heidi,Johnson,30.0,Inactive,2021-07-02,115601.4,heidi.johnson@example.com,(153) 722-1555,Good,True,DevOps,Nevada
EMP1993,Grace,Brown,32.5,Active,2022-12-05,64045.36,grace.brown@example.com,(684) 732-3652,Poor,True,DevOps,Nevada
EMP1994,David,Brown,30.0,Inactive,2024-09-24,80477.21,david.brown@example.com,(377) 460-4066,Good,False,DevOps,Nevada
EMP1995,Bob,Jones,30.0,Inactive,2023-08-16,61240.9,bob.jones@example.com,(200) 784-3613,Poor,True,Finance,California
EMP1996,David,Smith,40.0,Active,2021-01-28,51939.29,david.smith@example.com,(244) 260-7818,Excellent,True,Admin,Texas
EMP1997,Eva,Brown,40.0,Inactive,2022-05-14,95284.54,eva.brown@example.com,(754) 373-4763,Good,False,Finance,Illinois
EMP1998,Charlie,Garcia,35.0,Inactive,2024-06-05,106247.67,charlie.garcia@example.com,(273) 720-3762,Excellent,True,Admin,Texas
EMP1999,Charlie,Williams,25.0,Active,2020-04-23,110170.88,charlie.williams@example.com,(882) 145-8413,Poor,True,DevOps,Florida
EMP2000,Charlie,Miller,25.0,Pending,2024-06-10,52615.44,charlie.miller@example.com,(846) 019-1343,Average,True,HR,Nevada
EMP2001,Eva,Davis,30.0,Inactive,2020-04-18,82547.26,eva.davis@example.com,(389) 982-7801,Average,False,DevOps,Illinois
EMP2002,Bob,Smith,35.0,Pending,2020-06-29,63049.22,bob.smith@example.com,(058) 695-0731,Good,True,Finance,Illinois
EMP2003,Frank,Smith,35.0,Pending,2023-02-15,115229.12,frank.smith@example.com,(146) 449-3698,Excellent,True,HR,California
EMP2004,Grace,Smith,25.0,Pending,2023-06-15,60687.63,grace.smith@example.com,(951) 679-3349,Excellent,False,DevOps,Illinois
EMP2005,Frank,Jones,30.0,Inactive,2022-03-19,67492.73,frank.jones@example.com,(557) 385-7367,Good,True,Finance,Illinois
EMP2006,Grace,Brown,30.0,Inactive,2023-10-25,77821.79,grace.brown@example.com,(011) 923-6036,Average,False,HR,Illinois
EMP2007,Charlie,Jones,35.0,Active,2022-07-14,69146.95,charlie.jones@example.com,(681) 187-2332,Poor,False,DevOps,Texas
EMP2008,Grace,Brown,35.0,Inactive,2022-03-12,90224.82,grace.brown@example.com,(510) 409-6148,Good,True,Admin,Nevada
EMP2009,David,Garcia,35.0,Pending,2024-06-11,62603.98,david.garcia@example.com,(731) 539-1148,Poor,False,Finance,Illinois
EMP2010,Bob,Jones,35.0,Active,2024-06-10,71148.27,bob.jones@example.com,(830) 748-2072,Average,False,Sales,Nevada
EMP2011,David,Jones,40.0,Inactive,2022-09-21,52031.74,david.jones@example.com,(651) 189-3939,Excellent,True,Admin,California
EMP2012,Grace,Miller,35.0,Inactive,2023-04-15,86438.16,grace.miller@example.com,(655) 782-0189,Average,False,DevOps,Florida
EMP2013,Eva,Williams,30.0,Pending,2020-02-06,116680.63,eva.williams@example.com,(432) 230-2332,Good,False,HR,Illinois
EMP2014,Grace,Jones,30.0,Pending,2021-05-16,51990.98,grace.jones@example.com,(247) 073-9200,Excellent,True,Finance,Nevada
EMP2015,David,Miller,30.0,Active,2023-08-19,85602.1,david.miller@example.com,(354) 621-2759,Good,True,HR,California
EMP2016,David,Johnson,30.0,Inactive,2021-11-07,100215.06,david.johnson@example.com,(250) 826-1122,Good,True,Cloud Tech,Texas
EMP2017,Charlie,Williams,40.0,Active,2023-10-04,114587.11,charlie.williams@example.com,(126) 163-2487,Average,False,Finance,New York
EMP2018,Alice,Garcia,30.0,Inactive,2024-12-16,71318.79,alice.garcia@example.com,(899) 572-9892,Good,True,HR,Florida
EMP2019,Heidi,Jones,30.0,Pending,2021-02-22,77764.24,heidi.jones@example.com,(762) 974-5492,Average,False,DevOps,Illinois
